Company,Slogan
Costa Coffee,For coffee lovers.
Evian,Evian. Live young.
Dasani,Designed to make a difference.
Heineken,It's all about the beer.
Gatorade,The Legend Continues.
TÃ­o Pepe,Good food tastes better after a glass of Tio Pepe
Tetley's Brewery,Don't Do Things By Halves.
Batemans Brewery,Good Honest Ales
Jones Soda,Run with the little guyâ¦ create some change.
Grapette,Thirsty or Not.
Jif (lemon juice),juice in a jiffy.
Royal Tru,Bring out the crazy!
Oronamin,Genki hatsuratsu.
Culligan,Hey Culligan!
Belvedere Vodka,Belvedere Always Goes Down Smoothly.
Wodka Gorbatschow,The Pure Spirit of Vodka.
White Horse (whisky),you can take a white horse anywhere.
Grand Old Parr,Make friends with Old Parr.
Clan Gregor,Royal is my race.
Finlandia (vodka),Vodka from a Purer Place.
Colgate,"Stronger, healthier gums."
Fanta,"Drink Fanta, stay Bamboocha."
Pizza Hut,Make it great.
Head & Shoulders,Live head first.
Domino's Pizza,Pizza deliver experts.
Ben & Jerry's,"Peace, love & ice cream."
Heineken,It's all about the beer.
Gatorade,The Legend Continues.
Milo,MILO Everyday!
Starbucks,Customize Your Cup.
Audi,Vorsprung durch Technik.
NIVEA,More evolved skincare.
Snickers,Get some nuts!
Nescafe,It all starts with a NescafÃ©.
KFC(Kentucky Fried Chicken),Finger Lickin' Good.
Levi's Jeans,Original jeans. original people.
Lipton,Be more tea.
Dove (toiletries),The secret of beautiful hair.
Pampers,Discover your babyâs world.
Coca-Cola,Taste The Feeling.
Beam Suntory,"For relaxing times, make it Suntory time."
Live+,Sharpen Up!
Pussy (energy drink),100% natural.
Tango (drink),The Whole Fruit.
Tizer,The Great British Pop.
Dr. Enuf,Enuf is Enough!
ToniCol,the different soft drink.
Campa Cola,The Great Indian Taste.
Mezzo Mix,Cola Kisses orange.
Bluna,How Bluna are you?
Bionade,The official beverage of a better world.
Oasis (drink),Be Fruit.
Slice (drink),"It's orange, only twisted."
Rondo (soft drink),The Thirst Crusher!
OK Soda,Everything is going to be OK.
Jolt Cola,"All the sugar, twice the caffeine!"
Crystal Pepsi,You've never seen a taste like this.
Robinsons (drink),Real Fruit in Every Drop.
Yazoo (drink),Milk shaken up.
Bubble Up,"kiss of lemon, kiss of lime."
Colgate,"Stronger, healthier gums."
Fanta,"Drink Fanta, stay Bamboocha."
Pizza Hut,Make it great.
Head & Shoulders,Live head first.
Domino's Pizza,Pizza deliver experts.
Ben & Jerry's,"Peace, love & ice cream."
Heineken,It's all about the beer.
Gatorade,The Legend Continues.
Milo,MILO Everyday!
Starbucks,Customize Your Cup.
Audi,Vorsprung durch Technik.
NIVEA,More evolved skincare.
Snickers,Get some nuts!
Nescafe,It all starts with a NescafÃ©.
KFC(Kentucky Fried Chicken),Finger Lickin' Good.
Levi's Jeans,Original jeans. original people.
Lipton,Be more tea.
Dove (toiletries),The secret of beautiful hair.
Pampers,Discover your babyâs world.
Coca-Cola,Taste The Feeling.
Mecca-Cola,Shake your Conscience.
SodaStream,Get busy with the fizzy.
Monster Energy,Unleash the Beast.
Dr. Brown's,Taste of the Town.
Cheerwine,Uniquely Southern.
Vernors,Deliciously Different.
Gini (soft drink),The hottest of cold drinks.
Moxie,Just Make It Moxie for Mine.
Mello Yello,Make The Mello Yello Move.
Limca,It's veri veri Lime & Lemoni.
Lilt,the totally tropical taste.
Inca Kola,Let's go for more.
Fresca,Nothing tastes like Fresca.
Barq's,Barq's has bite!
Pepsi Zero Sugar,Get Buckets.
Horlicks,the food drink of the night.
Woodroofe,Still the best lemonade made.
Konig's Westphalian Gin,The only perfect gin.
Evoca Cola,The original Black Seed Cola.
Jolly Cola,Free your taste.
Colgate,"Stronger, healthier gums."
Fanta,"Drink Fanta, stay Bamboocha."
Pizza Hut,Make it great.
Head & Shoulders,Live head first.
Domino's Pizza,Pizza deliver experts.
Ben & Jerry's,"Peace, love & ice cream."
Heineken,It's all about the beer.
Gatorade,The Legend Continues.
Milo,MILO Everyday!
Starbucks,Customize Your Cup.
Audi,Vorsprung durch Technik.
NIVEA,More evolved skincare.
Snickers,Get some nuts!
Nescafe,It all starts with a NescafÃ©.
KFC(Kentucky Fried Chicken),Finger Lickin' Good.
Levi's Jeans,Original jeans. original people.
Lipton,Be more tea.
Dove (toiletries),The secret of beautiful hair.
Pampers,Discover your babyâs world.
Coca-Cola,Taste The Feeling.
Sunkist (soft drink),Good Vibrations.
Pluto Water,"When Nature Won't, PLUTO Will."
Shasta (soft drink),It hasta be Shasta!
Taut,The first clean sports drink.
Codorniu,The Culture of Pleasure.
Jacob's Creek,Say when.
Wolf Blass,Australian wine at its peak.
Sutter Home Winery,Taste the Commitment.
Blavod,Outrageously Smooth.
Patron Tequila,Simply perfect.
Malibu (rum),Seriously easy going.
Tanqueray,Ready to Tanqueray?
Dreher Breweries,Itâs whatâs inside that truly counts.
Staropramen Brewery,Get A Taste Of Prague.
Adnams,"Southwold, by the pint."
Carlton Cold,Nothingâs as fresh as a Coldie.
Schaefer Beer,Americaâs Oldest Lager Beer.
Minute Maid,Loaded with Taste.
Harp Lager,Look on the Harp side.
Poland Spring,Born Better.
Colgate,"Stronger, healthier gums."
Fanta,"Drink Fanta, stay Bamboocha."
Pizza Hut,Make it great.
Head & Shoulders,Live head first.
Domino's Pizza,Pizza deliver experts.
Ben & Jerry's,"Peace, love & ice cream."
Heineken,It's all about the beer.
Gatorade,The Legend Continues.
Milo,MILO Everyday!
Starbucks,Customize Your Cup.
Audi,Vorsprung durch Technik.
NIVEA,More evolved skincare.
Snickers,Get some nuts!
Nescafe,It all starts with a NescafÃ©.
KFC(Kentucky Fried Chicken),Finger Lickin' Good.
Levi's Jeans,Original jeans. original people.
Lipton,Be more tea.
Dove (toiletries),The secret of beautiful hair.
Pampers,Discover your babyâs world.
Coca-Cola,Taste The Feeling.
Appy Fizz,Cool Drink to Hang Around With.
Joseph Schlitz Brewing Company,The beer that made Milwaukee famous.
Frooti,Juice Up your Life.
Cointreau,Be cointreauversial.
Disaronno,Taste the seduction
Norrlands Guld,Be yourself for a while
Mackeson Beer,king of the night.
Tuborg,Beer YOURSELF
Cafe Britt,From our plantation to your cup!
Boost (drink),Refresh yourself.
Shloer,Get your sparkle!
Grey Goose (vodka),The worldâs best tasting vodka.
Ballantine's,Play in moderation.
Jose Cuervo,Donât let go.
Black Velvet (whisky),Feel the Velvet
Houghton Wines,Perfect for when friends drop in.
Lindeman's,You make me smile.
United Breweries,The King of Good Times.
Caribou Coffee,Stay awake for it
RicorÃ©,Friend RicorÃ©.
Colgate,"Stronger, healthier gums."
Fanta,"Drink Fanta, stay Bamboocha."
Pizza Hut,Make it great.
Head & Shoulders,Live head first.
Domino's Pizza,Pizza deliver experts.
Ben & Jerry's,"Peace, love & ice cream."
Heineken,It's all about the beer.
Gatorade,The Legend Continues.
Milo,MILO Everyday!
Starbucks,Customize Your Cup.
Audi,Vorsprung durch Technik.
NIVEA,More evolved skincare.
Snickers,Get some nuts!
Nescafe,It all starts with a NescafÃ©.
KFC(Kentucky Fried Chicken),Finger Lickin' Good.
Levi's Jeans,Original jeans. original people.
Lipton,Be more tea.
Dove (toiletries),The secret of beautiful hair.
Pampers,Discover your babyâs world.
Coca-Cola,Taste The Feeling.
Horn & Hardart,Less Work for Mother.
High Point (coffee),Decaffeinate the ones you love.
Guglielmo coffee,the coffee that hits the spot.
Postum,There's a Reason.
MiO,Flip it. Tip it. Sip it!
Gold Spot,The Zing Thing.
Frugo,Let's Frugo.
Double Diamond Beer,Iâm only here for the beer.
Gilbey's gin,Taste the smoothest gin today.
Go Fast!,Pure Energy.
Haig (whisky),"Donât Be Vague, Ask For A Haig."
A Twosome Place,"A cup of coffee, TWO of us"
Tiger Energy Drink,Power is back!
Um Bongo,The great flavour of the jungle
Super Bock,The beer that goes beyond your expectations
Bell's whisky,Afore ye go.
Irn-Bru,Gets you through.
Apollinaris (water),âThe Queen of Table Waters.
Licher Brewery,From the Heart of Nature
Bitburger Brewery,Bitte ein Bit.
Colgate,"Stronger, healthier gums."
Fanta,"Drink Fanta, stay Bamboocha."
Pizza Hut,Make it great.
Head & Shoulders,Live head first.
Domino's Pizza,Pizza deliver experts.
Ben & Jerry's,"Peace, love & ice cream."
Heineken,It's all about the beer.
Gatorade,The Legend Continues.
Milo,MILO Everyday!
Starbucks,Customize Your Cup.
Audi,Vorsprung durch Technik.
NIVEA,More evolved skincare.
Snickers,Get some nuts!
Nescafe,It all starts with a NescafÃ©.
KFC(Kentucky Fried Chicken),Finger Lickin' Good.
Levi's Jeans,Original jeans. original people.
Lipton,Be more tea.
Dove (toiletries),The secret of beautiful hair.
Pampers,Discover your babyâs world.
Coca-Cola,Taste The Feeling.
Banania,the y'a bon buddy.
Nabob (coffee),"Better beans, better coffee, better planet."
Carling Black Label,"Hey Mabel, Black Label!"
Solo,Game On.
Milo,MILO Everyday!
Manischewitz,Man-O-Manischewitz What a Wine!
National Bohemian,What a beer!
Christian Schmidt Brewing Company,One Beautiful Beer.
Camp Coffee,Ready aye ready.
Luzianne,Take a fresh look at your iced tea.
5-hour Energy,Hours and hours of energy.
Full Throttle,Feel the energy at work.
V Energy,It all starts with V.
Relentless (drink),Be Relentless.
NOS (drink),You only live NOS.
Vault (drink),"Get it done, and then some."
Hype Energy Drinks,Feel the Hype.
Goodricke tea,The tea people.
BOH tea,Share the Ummph!
Tavalon Tea,The future of tea.
Colgate,"Stronger, healthier gums."
Fanta,"Drink Fanta, stay Bamboocha."
Pizza Hut,Make it great.
Head & Shoulders,Live head first.
Domino's Pizza,Pizza deliver experts.
Ben & Jerry's,"Peace, love & ice cream."
Heineken,It's all about the beer.
Gatorade,The Legend Continues.
Milo,MILO Everyday!
Starbucks,Customize Your Cup.
Audi,Vorsprung durch Technik.
NIVEA,More evolved skincare.
Snickers,Get some nuts!
Nescafe,It all starts with a NescafÃ©.
KFC(Kentucky Fried Chicken),Finger Lickin' Good.
Levi's Jeans,Original jeans. original people.
Lipton,Be more tea.
Dove (toiletries),The secret of beautiful hair.
Pampers,Discover your babyâs world.
Coca-Cola,Taste The Feeling.
Diet Coke,Light it up!
E & J Gallo Winery,The new art of wine.
Greene King,Beer to Dine For.
Tapal Tea,Differ tastefully.
Thums Up,Taste The Thunder.
Tropicana,Straight from the fruit.
V8 Vegetable Juice,Drink Your Vegetables.
Vittoria Coffee,Where our expertise is still a family traditi
Cutty Sark (whisky),Live a Cutty above.
Dewar's,It never varies.
Chivas Regal,This is Chivas Life.
Appleton Jamaica Rum,Raise your Rum!
Kahlua,Awaken the spirit.
Courage Brewery,Take Courage.
Kronenbourg,Sit. Savour. 1664.
Bass Brewery,A little bit of better.
Labatt Brewing Company,Good things brewing.
Kokanee beer,Straight from the Kootenays.
Old Milwaukee,Taste as great as it's name.
Foster's Lager,Australian for beer.
Colgate,"Stronger, healthier gums."
Fanta,"Drink Fanta, stay Bamboocha."
Pizza Hut,Make it great.
Head & Shoulders,Live head first.
Domino's Pizza,Pizza deliver experts.
Ben & Jerry's,"Peace, love & ice cream."
Heineken,It's all about the beer.
Gatorade,The Legend Continues.
Milo,MILO Everyday!
Starbucks,Customize Your Cup.
Audi,Vorsprung durch Technik.
NIVEA,More evolved skincare.
Snickers,Get some nuts!
Nescafe,It all starts with a NescafÃ©.
KFC(Kentucky Fried Chicken),Finger Lickin' Good.
Levi's Jeans,Original jeans. original people.
Lipton,Be more tea.
Dove (toiletries),The secret of beautiful hair.
Pampers,Discover your babyâs world.
Coca-Cola,Taste The Feeling.
Amstel Brewery,Taste life. Pure Filtered.
Guinness,Guinness is Good for You.
Seattle's Best Coffee,Great coffee everywhere.
Saxbys Coffee,Start your day fresh.
Tchibo,Passionate about coffee.
Brim coffee,Fill it to the rim with Brim.
Sanka coffee,One fiddler you won't have to pay.
Bombay Sapphire,Pour something priceless.
Hendrick's Gin,A most unusual gin.
Gordon's Gin,Re-mix yourself.
Beefeater Gin,Make it a double.
Baileys Irish Cream,The Pleasure Society.
Captain Morgan,Enjoy the contradiction.
Sauza Tequila,Fun is calling.
Wyborowa Vodka,Exquisite wodka.
Canadian Club,âNo ordinary Whisky.
Arbor Mist,Just what you've been looking for.
Aqua Pura,Be the best you can be.
Bisleri,The sweet taste of purity.
Evan Williams,Aged longer to taste smoother.
Colgate,"Stronger, healthier gums."
Fanta,"Drink Fanta, stay Bamboocha."
Pizza Hut,Make it great.
Head & Shoulders,Live head first.
Domino's Pizza,Pizza deliver experts.
Ben & Jerry's,"Peace, love & ice cream."
Heineken,It's all about the beer.
Gatorade,The Legend Continues.
Milo,MILO Everyday!
Starbucks,Customize Your Cup.
Audi,Vorsprung durch Technik.
NIVEA,More evolved skincare.
Snickers,Get some nuts!
Nescafe,It all starts with a NescafÃ©.
KFC(Kentucky Fried Chicken),Finger Lickin' Good.
Levi's Jeans,Original jeans. original people.
Lipton,Be more tea.
Dove (toiletries),The secret of beautiful hair.
Pampers,Discover your babyâs world.
Coca-Cola,Taste The Feeling.
Jamba Juice,Good tidings we blend.
Lyons tea,Puts the talk into tea.
Brooke Bond,Cheers your senses.
Bushells,"Our tea, our way."
Fanta,"Drink Fanta, stay Bamboocha."
Sierra Mist,It's that refreshing.
Sprite,Obey Your Thirst.
Kenco,Growing great coffee and more.
Lavazza,Good karma. Great coffee.
Moccona coffee,Wake up to something special.
Nescafe,It all starts with a NescafÃ©.
Melitta,Coffee indulgence.
Eight O'Clock Coffee,For Those Who Put Coffee First.
Douwe Egberts,No ordinary jar. No ordinary coffee.
Gevalia coffee,Let's coffee.
Folgers,The best part of wakin' up.
Gold Peak Tea,Home brewed taste.
Honest Tea,Refreshingly Honest.
Lucozade,Lucozade aids recovery.
Powerade,The power of love.
Colgate,"Stronger, healthier gums."
Fanta,"Drink Fanta, stay Bamboocha."
Pizza Hut,Make it great.
Head & Shoulders,Live head first.
Domino's Pizza,Pizza deliver experts.
Ben & Jerry's,"Peace, love & ice cream."
Heineken,It's all about the beer.
Gatorade,The Legend Continues.
Milo,MILO Everyday!
Starbucks,Customize Your Cup.
Audi,Vorsprung durch Technik.
NIVEA,More evolved skincare.
Snickers,Get some nuts!
Nescafe,It all starts with a NescafÃ©.
KFC(Kentucky Fried Chicken),Finger Lickin' Good.
Levi's Jeans,Original jeans. original people.
Lipton,Be more tea.
Dove (toiletries),The secret of beautiful hair.
Pampers,Discover your babyâs world.
Coca-Cola,Taste The Feeling.
Yogi Tea,How good can you feel?
Celestial Seasonings,Make any moment Celestial.
Barry's Tea,Every day should have its golden moments.
Clipper tea,Britain's favourite green tea.
Dilmah,The finest tea on earth.
Kericho Gold,A Matter of Good Taste
PG Tips tea,Put the kettle on.
Punjana tea,Everyone's cup of tea.
Yorkshire Tea,Let's have a proper brew.
Red Rose Tea,Red Rose Tea is good tea.
Twinings tea,Gets you back to you.
Tazo Tea,It begins with tea.
Zealong tea,100% pure New Zealand tea.
Ten Ren Tea,Ten Ren's. Tea time.
Tetley tea,"Make time, make Tetley."
Lipton,Be more tea.
Badoit,The petillant table water.
Vittel,It must be the water.
Perrier,Perrier. The ultimate refreshment.
Donat Mg,More than magnesium.
Fanta,"Drink Fanta, stay Bamboocha."
Colgate,"Stronger, healthier gums."
Pizza Hut,Make it great.
Domino's Pizza,Pizza deliver experts.
Ben & Jerry's,"Peace, love & ice cream."
Head & Shoulders,Live head first.
Heineken,It's all about the beer.
Gatorade,The Legend Continues.
Milo,MILO Everyday!
Starbucks,Customize Your Cup.
Audi,Vorsprung durch Technik.
Snickers,Get some nuts!
NIVEA,More evolved skincare.
KFC(Kentucky Fried Chicken),Finger Lickin' Good.
Nescafe,It all starts with a NescafÃ©.
Levi's Jeans,Original jeans. original people.
Dove (toiletries),The secret of beautiful hair.
Lipton,Be more tea.
Pampers,Discover your babyâs world.
Coca-Cola,Taste The Feeling.
Naya Waters,Hungry for life. Thirsty for Naya.
S.Pellegrino,S. Pellegrino. Live in Italian.
Volvic,Filled with volcanicity.
Aquafina,Make your body happy.
Don Julio,Know your tequila.
Olmeca Tequila,Switch on the night.
Jameson Irish Whiskey,The spirit of Ireland.
Glenfiddich,Single source of inspiration.
Stolichnaya vodka,Exquisite wodka.
Smirnoff vodka,The greatest name in Vodka.
Tree Top,Nurtured from the start.
Grolsch Brewery,No Oneâs Ever Changed The World By Being Boaring.
Remy Martin,Feel More.
Hennessy,Mix accordingly.
Martell (cognac),Only a Few Can Tell.
Four Roses,America's most gifted whiskey.
Maker's Mark,Please enjoy it that way.
Jim Beam,Real Friends. Real Bourbon.
Wild Turkey (bourbon),Too good to keep cooped up.
Rolling Rock,Rolling Rock. Free Flowing.
Fanta,"Drink Fanta, stay Bamboocha."
Colgate,"Stronger, healthier gums."
Pizza Hut,Make it great.
Domino's Pizza,Pizza deliver experts.
Ben & Jerry's,"Peace, love & ice cream."
Head & Shoulders,Live head first.
Heineken,It's all about the beer.
Gatorade,The Legend Continues.
Milo,MILO Everyday!
Starbucks,Customize Your Cup.
Audi,Vorsprung durch Technik.
Snickers,Get some nuts!
NIVEA,More evolved skincare.
KFC(Kentucky Fried Chicken),Finger Lickin' Good.
Nescafe,It all starts with a NescafÃ©.
Levi's Jeans,Original jeans. original people.
Dove (toiletries),The secret of beautiful hair.
Lipton,Be more tea.
Pampers,Discover your babyâs world.
Coca-Cola,Taste The Feeling.
Pilsner Urquell,The world's first golden beer.
Boddingtons,It's a bit gorgeous.
Beck's,Beck's. Life Beckons.
Sapporo,Senses Never Forget.
Stella Artois,Reassuringly expensive
Paulaner Brewery,"Good, better, Paulaner."
Corona,Miles Away From ordinary.
Red Stripe,It's BEER. Hooray beer!
Castlemaine XXXX,Australians wouldn't give a XXXX for anything
Newcastle Brown Ale,The One and Only.
St. Pauli Girl,Germany's Fun-Loving Beer.
Dos Equis,Let your tastes travel.
Bad Frog,The Beer so Good it's Bad.
Molson Canadian,It Starts Here.
A&W Root Beer,That frosty mug sensation.
Coors Brewing Company,It won't slow you down.
Three Olives Vodka,Crisp. Clean. Smooth.
Snapple,Made from the best stuff on Earth.
Schweppes,Schhh! You know who?
Canadian Mist,Grip it. Tip it. Sip it.
Fanta,"Drink Fanta, stay Bamboocha."
Colgate,"Stronger, healthier gums."
Pizza Hut,Make it great.
Domino's Pizza,Pizza deliver experts.
Ben & Jerry's,"Peace, love & ice cream."
Head & Shoulders,Live head first.
Heineken,It's all about the beer.
Gatorade,The Legend Continues.
Milo,MILO Everyday!
Starbucks,Customize Your Cup.
Audi,Vorsprung durch Technik.
Snickers,Get some nuts!
NIVEA,More evolved skincare.
KFC(Kentucky Fried Chicken),Finger Lickin' Good.
Nescafe,It all starts with a NescafÃ©.
Levi's Jeans,Original jeans. original people.
Dove (toiletries),The secret of beautiful hair.
Lipton,Be more tea.
Pampers,Discover your babyâs world.
Coca-Cola,Taste The Feeling.
Johnnie Walker,Johnnie Walker. Keep Walking.
Maxwell House,Good to the last drop.
Starbucks,Customize Your Cup.
Miller Beer,"If youâve got the time, weâve got the beer."
Juicy Juice,100% juice for 100% kids.
RC cola,"Relax, and Enjoy Royal Crown Cola"
Skyy Vodka,"Drink dirty martinis, not dirty vodka"
Hawaiian Punch,How about a nice Hawaiian Punch?
Mountain Dew,Itâll tickle your innards.
Absolut Vodka,ABSOLUT PERFECTION.
Bacardi,Thirsty for life? Drink Responsibly.
Naked Juice,Worth its weight in good.
Pepsi,Delicious. Refreshing. Pepsi.
Carabao,Free your inner Carabao.
Budweiser,The king of beers.
7 Up,The Un-cola.
Carlsberg,Probably the Best Beer in the World.
Typhoo,Typhoo puts the T in Britain.
Dr. Pepper,Whatâs the Worst That Could Happen?
Red Bull,It Gives You Wiiiings.
Fanta,"Drink Fanta, stay Bamboocha."
Colgate,"Stronger, healthier gums."
Pizza Hut,Make it great.
Domino's Pizza,Pizza deliver experts.
Ben & Jerry's,"Peace, love & ice cream."
Head & Shoulders,Live head first.
Heineken,It's all about the beer.
Gatorade,The Legend Continues.
Milo,MILO Everyday!
Starbucks,Customize Your Cup.
Audi,Vorsprung durch Technik.
Snickers,Get some nuts!
NIVEA,More evolved skincare.
KFC(Kentucky Fried Chicken),Finger Lickin' Good.
Nescafe,It all starts with a NescafÃ©.
Levi's Jeans,Original jeans. original people.
Dove (toiletries),The secret of beautiful hair.
Lipton,Be more tea.
Pampers,Discover your babyâs world.
Coca-Cola,Taste The Feeling.
Coca-Cola,Taste The Feeling.
Fanta,"Drink Fanta, stay Bamboocha."
Colgate,"Stronger, healthier gums."
Pizza Hut,Make it great.
Domino's Pizza,Pizza deliver experts.
Ben & Jerry's,"Peace, love & ice cream."
Head & Shoulders,Live head first.
Heineken,It's all about the beer.
Gatorade,The Legend Continues.
Milo,MILO Everyday!
Starbucks,Customize Your Cup.
Audi,Vorsprung durch Technik.
Snickers,Get some nuts!
NIVEA,More evolved skincare.
KFC(Kentucky Fried Chicken),Finger Lickin' Good.
Nescafe,It all starts with a NescafÃ©.
Levi's Jeans,Original jeans. original people.
Dove (toiletries),The secret of beautiful hair.
Lipton,Be more tea.
Pampers,Discover your babyâs world.
Coca-Cola,Taste The Feeling.
Chupa Chups,Smoke Chupa Chups.
Tic Tac,It's not just a mint.
Toblerone,Make time for Toblerone.
Helms Bakery,Daily at Your Door
Lollicup Coffee & Tea,"Add a Little Fun, Mix a Little Flavor"
Baker's Dozen Donuts,Not Just Donuts...
Dan-D Foods,Fine Foods of the Earth
Canyon Creek Food Company,Favorite foods made easy.
Wispa,Time Well Mis-spent
Cadbury Roses,Roses Grow On You.
Picnic (chocolate bar),Deliciously ugly
Moro (chocolate bar),Get more go
Crunchie,Get that Friday feeling
Chomp (chocolate bar),It's a monster chew!
Trix (cereal),Trix Are For Kids!
Time Out (chocolate bar),âthe wafer break with a layer of Flake.
Violet Crumble,It's the way it shatters that matters.
Cadbury Creme Egg,It's Hunting Season.
Planters,Naturally Remarkable.
Chips Ahoy!,Crazy with chips!
Fanta,"Drink Fanta, stay Bamboocha."
Colgate,"Stronger, healthier gums."
Pizza Hut,Make it great.
Domino's Pizza,Pizza deliver experts.
Head & Shoulders,Live head first.
Ben & Jerry's,"Peace, love & ice cream."
Heineken,It's all about the beer.
Gatorade,The Legend Continues.
Milo,MILO Everyday!
Starbucks,Customize Your Cup.
Audi,Vorsprung durch Technik.
Snickers,Get some nuts!
NIVEA,More evolved skincare.
KFC(Kentucky Fried Chicken),Finger Lickin' Good.
Nescafe,It all starts with a NescafÃ©.
Levi's Jeans,Original jeans. original people.
Dove (toiletries),The secret of beautiful hair.
Lipton,Be more tea.
Pampers,Discover your babyâs world.
Coca-Cola,Taste The Feeling.
Fancy Feast,The best ingredient is love.
Dolmio,Whenâsa your Dolmio day?
Hula Hoops,Best ever flavour.
5 (gum),Stimulate Your Senses.
Peperami,"All Pork, No Bull."
Colman's,"Come on Colman's, light my fire."
Boursin cheese,"Some bread, some wine, some Boursin."
Butterfinger,better butter finger.
Boost (chocolate bar),One Step Ahead.
3 Musketeers,Big on Chocolate!
Trident (gum),See what Unfolds.
Cheetos,Dangerously cheesy.
Hostess CupCake,Where's the cream filling?
Ouma Rusks,Baked on the original farm.
Oreo,Only oreo.
Nik Naks,Eat The Freak.
Ruffles,Ruffles have RRRidges.
Toaster Strudel,Get Zem GÃ¶ing.
Tastykake,The Cake That Made Mother Stop Baking.
Walkers,Fresh Taste Guaranteed.
Fanta,"Drink Fanta, stay Bamboocha."
Colgate,"Stronger, healthier gums."
Pizza Hut,Make it great.
Domino's Pizza,Pizza deliver experts.
Head & Shoulders,Live head first.
Ben & Jerry's,"Peace, love & ice cream."
Heineken,It's all about the beer.
Gatorade,The Legend Continues.
Milo,MILO Everyday!
Starbucks,Customize Your Cup.
Audi,Vorsprung durch Technik.
Snickers,Get some nuts!
NIVEA,More evolved skincare.
KFC(Kentucky Fried Chicken),Finger Lickin' Good.
Nescafe,It all starts with a NescafÃ©.
Levi's Jeans,Original jeans. original people.
Dove (toiletries),The secret of beautiful hair.
Lipton,Be more tea.
Pampers,Discover your babyâs world.
Coca-Cola,Taste The Feeling.
Branston,Bring out the Branston.
Twisties,Life's pretty straight without...
Burger Rings,Full on burger flavour.
Start (cereal),"I Want, Now I Can."
Cocoa Krispies,Can you handle the crunch?
Rice-A-Roni,The San Francisco Treat.
Life Savers,Still only 5 cents.
Golden Crisp,Canât Get Enough of That Golden Crisp.
Alpha Bits,They're ice-cream-a-licious!
Cheerios,Toasted Whole Grain Oat Cereal.
Kix (cereal),Kid-tested. Parent-approved.
Grape Nuts,Makes Red Blood!
Apple Jacks,We eat what we like.
Sugar Puffs,You'll Go Monster-Mad For The Honey.
Yorkie (chocolate bar),Itâs Not For Girls.
Aero (chocolate),Have you felt the bubbles melt?
Tootsie Pop,the center of a Tootsie Pop.
A.1. Sauce,Makes beef sing.
Rolaids,that's how you spell relief.
Jell-O,There's always room for Jell-O.
Fanta,"Drink Fanta, stay Bamboocha."
Colgate,"Stronger, healthier gums."
Pizza Hut,Make it great.
Domino's Pizza,Pizza deliver experts.
Head & Shoulders,Live head first.
Ben & Jerry's,"Peace, love & ice cream."
Heineken,It's all about the beer.
Gatorade,The Legend Continues.
Milo,MILO Everyday!
Starbucks,Customize Your Cup.
Audi,Vorsprung durch Technik.
Snickers,Get some nuts!
NIVEA,More evolved skincare.
KFC(Kentucky Fried Chicken),Finger Lickin' Good.
Nescafe,It all starts with a NescafÃ©.
Levi's Jeans,Original jeans. original people.
Dove (toiletries),The secret of beautiful hair.
Lipton,Be more tea.
Pampers,Discover your babyâs world.
Coca-Cola,Taste The Feeling.
Prego,It's in there!.
Heinz Baked Beans,Beanz meanz Heinz.
Blue Bonnet,I'm on it like Blue Bonnet!
Honey Bunches of Oats,It's what's for breakfast.
Birds Eye,Come Home To Birds Eye Country.
Candwich,"Quick & Tasty, Ready to Eat."
Casa Sanchez,flavor out of this world.
Francesco Rinaldi,Enjoyed by everyone.
Idaho Spud,The Candy Bar That Makes Idaho Famous.
Meggle,Ich bin ein Gourmeggle.
Quaker,"Nothing is better for thee, than me."
Shurfine,You sure save more at a ShurSave store.
Shreddies,Shreddie or not?
Wagon Wheels,You've got to grin to get it in.
Bisto,"Aah, Bisto!"
Twizzlers,Makes mouths happy.
Hillshire Farm,Go Meat!
Campbell's,M'm! M'm! Good!
Wheaties,The breakfast of champions.
Frosted Flakes,They're g-r-r-r-eat!
Fanta,"Drink Fanta, stay Bamboocha."
Colgate,"Stronger, healthier gums."
Pizza Hut,Make it great.
Domino's Pizza,Pizza deliver experts.
Head & Shoulders,Live head first.
Ben & Jerry's,"Peace, love & ice cream."
Heineken,It's all about the beer.
Gatorade,The Legend Continues.
Milo,MILO Everyday!
Starbucks,Customize Your Cup.
Audi,Vorsprung durch Technik.
Snickers,Get some nuts!
NIVEA,More evolved skincare.
KFC(Kentucky Fried Chicken),Finger Lickin' Good.
Nescafe,It all starts with a NescafÃ©.
Levi's Jeans,Original jeans. original people.
Dove (toiletries),The secret of beautiful hair.
Lipton,Be more tea.
Pampers,Discover your babyâs world.
Coca-Cola,Taste The Feeling.
Skittles,Taste the rainbow.
Ajinomoto,"Eat Well, Live Well."
Mamee Double-Decker,A World of Good Taste.
Freia (chocolate),A small piece of Norway.
Golden Wonder,You'll never grow old in Golden Wonderland!
Ferrero-KÃ¼sschen,Give a KÃ¼sschen to your friend!
Ritter Sport,Quality in a Square.
Haribo,Child and adult is happy.
PÃR Gum,Live PUR.
Chicken Tonight,I feel like Chicken Tonight.
Hobnob biscuit,Chocolate now has Hobnobs underneath.
Homepride,the one with the bag.
Marmite,Love it or hate it.
Tip Top Bakeries,Tip Top's the One.
Chiko Roll,You can't knock the roll.
Now and Later,Share the Square.
Milky Way,Life's Better the Milky Way.
Dippin' Dots,Ice Cream of the Future
Lunchables,Make fun of lunch!
Smucker,it has to be good.
Fanta,"Drink Fanta, stay Bamboocha."
Colgate,"Stronger, healthier gums."
Pizza Hut,Make it great.
Domino's Pizza,Pizza deliver experts.
Head & Shoulders,Live head first.
Ben & Jerry's,"Peace, love & ice cream."
Heineken,It's all about the beer.
Gatorade,The Legend Continues.
Milo,MILO Everyday!
Starbucks,Customize Your Cup.
Audi,Vorsprung durch Technik.
Snickers,Get some nuts!
NIVEA,More evolved skincare.
KFC(Kentucky Fried Chicken),Finger Lickin' Good.
Nescafe,It all starts with a NescafÃ©.
Levi's Jeans,Original jeans. original people.
Dove (toiletries),The secret of beautiful hair.
Lipton,Be more tea.
Pampers,Discover your babyâs world.
Coca-Cola,Taste The Feeling.
Reese's Peanut Butter Cups,Reese's ...perfect
Bertolli,Passion makes perfect.
Stork (margarine),The difference is worth talking about.
Flora (margarine),Better butteryness.
Country Crock,Where good habits are delicious.
Clover (spread),Made for family.
Meadow Lea,You ought to be congratulated.
Blue Band,Spread every slice!
Imperial margarine,Fit for a king.
Becel,Love your heart.
Lurpak,Your everyday luxury.
Utterly Butterly,Utterly smitten.
President cheese,Perfectly paired with life.
Primula,Perfect for sharing.
Babybel,100% natural. 100% fun!
Lea & Perrins,The original and Genuine.
Peters Ice Cream,Music to your mouth.
Weis,The taste on everyone's lips.
Mackie's,Creamy by nature!
Magnum (ice cream),For pleasure seekers.
Fanta,"Drink Fanta, stay Bamboocha."
Colgate,"Stronger, healthier gums."
Pizza Hut,Make it great.
Domino's Pizza,Pizza deliver experts.
Head & Shoulders,Live head first.
Ben & Jerry's,"Peace, love & ice cream."
Heineken,It's all about the beer.
Gatorade,The Legend Continues.
Milo,MILO Everyday!
Starbucks,Customize Your Cup.
Audi,Vorsprung durch Technik.
Snickers,Get some nuts!
NIVEA,More evolved skincare.
KFC(Kentucky Fried Chicken),Finger Lickin' Good.
Nescafe,It all starts with a NescafÃ©.
Levi's Jeans,Original jeans. original people.
Dove (toiletries),The secret of beautiful hair.
Lipton,Be more tea.
Pampers,Discover your babyâs world.
Coca-Cola,Taste The Feeling.
Klondike bar,What would you do for a Klondike bar?
Cravendale,The cows want it back
After Eight,See you After Eight.
Terry's,Round. But not round for long.
Little Debbie,Unwrap a smile.
Ryvita,Britton loves Ryvita.
Beech-Nut,Small Is Big Here.
Carvel (franchise),America's freshest ice cream.
Doublemint gum,Donât Forget The Fruit Gums.
Kellogg's,The simpler the better.
Lucky Charms,Theyâre magically delicious.
Mentos,Roses Grow on You.
Starburst(Opal Fruits),Unexplainably Juicy.
Snickers,Get some nuts!
Twix,Itâs all in the mix.
Swensen's,Good as father used to make.
Marble Slab Creamery,Originality in every scoop.
Graeter's,Irresistible Graeter's.
Ben & Jerry's,"Peace, love & ice cream."
Baskin-Robbins,More flavors. More fun.
Fanta,"Drink Fanta, stay Bamboocha."
Colgate,"Stronger, healthier gums."
Pizza Hut,Make it great.
Domino's Pizza,Pizza deliver experts.
Head & Shoulders,Live head first.
Ben & Jerry's,"Peace, love & ice cream."
Heineken,It's all about the beer.
Gatorade,The Legend Continues.
Milo,MILO Everyday!
Starbucks,Customize Your Cup.
Audi,Vorsprung durch Technik.
Snickers,Get some nuts!
NIVEA,More evolved skincare.
KFC(Kentucky Fried Chicken),Finger Lickin' Good.
Nescafe,It all starts with a NescafÃ©.
Levi's Jeans,Original jeans. original people.
Dove (toiletries),The secret of beautiful hair.
Lipton,Be more tea.
Pampers,Discover your babyâs world.
Coca-Cola,Taste The Feeling.
Ore-Ida,"Easy Open, Easy Pour Bag!"
Kraft Foods,A little taste of heaven.
Kelly's of Cornwall,Cornish by nature.
HB ice cream,One of life's simple pleasures.
Vadilal,Nothing but goodness.
Tip Top,Tip Top. Real ice creamier.
Hunt's,Only the best tomatoes grow up to be Hunt's.
Hellmann's,Bring out the best.
Bega Cheese,Better buy Bega.
Coon cheese,The choice of COONoisseurs.
Jarlsberg cheese,Only Jarlsberg is Jarlsberg.
Dairylea (cheese),Herds of Dairylea goodness.
Wyke Farms,Over 100 years of family farming.
Pilgrims Choice,Good choice pilgrim.
Wall's,Share happy.
Blue Bell Creameries,The best ice cream in the country.
Popsicle,Anything's possible with Popsicle.
Breyers,It's way beyond ice cream.
Haagen-Dazs,Made like no other.
Cornetto,"Enjoy the ride, love the ending"
Fanta,"Drink Fanta, stay Bamboocha."
Colgate,"Stronger, healthier gums."
Pizza Hut,Make it great.
Domino's Pizza,Pizza deliver experts.
Head & Shoulders,Live head first.
Ben & Jerry's,"Peace, love & ice cream."
Heineken,It's all about the beer.
Gatorade,The Legend Continues.
Milo,MILO Everyday!
Starbucks,Customize Your Cup.
Audi,Vorsprung durch Technik.
Snickers,Get some nuts!
NIVEA,More evolved skincare.
KFC(Kentucky Fried Chicken),Finger Lickin' Good.
Nescafe,It all starts with a NescafÃ©.
Levi's Jeans,Original jeans. original people.
Dove (toiletries),The secret of beautiful hair.
Lipton,Be more tea.
Pampers,Discover your babyâs world.
Coca-Cola,Taste The Feeling.
Chapman's,For the kid in all of us
Good Humor,Return to the classics
Perry's Ice Cream,Life is a bowl of Perry's.
Quavers,They're floaty light!
Lay's,Betcha can't eat just one!
BelGioioso Cheese,Quality never stops.
Dubliner Cheese,Character in every bite.
The Laughing Cow,Made with laughter.
Leerdammer,Put pleasure first
Sargento,We're real cheese people
Callebaut,For the love of chocolate.
Cadbury Dairy Milk,Free the joy.
Milka,Tenderness is inside.
Ghirardelli Chocolate,Moments of timeless pleasure.
Cailler,Pure chocolate. Pure emotion.
Hershey's,Hello happy. Hello Hershey's.
Dove Chocolate,Choose pleasure.
Dreyer's,Share a Scoop. Share a Smile!
Green & Black's,Bring Milk Chocolate Out Of Its Shell.
Nestles,"Nestle. Good Food, Good Life."
Fanta,"Drink Fanta, stay Bamboocha."
Colgate,"Stronger, healthier gums."
Pizza Hut,Make it great.
Domino's Pizza,Pizza deliver experts.
Head & Shoulders,Live head first.
Ben & Jerry's,"Peace, love & ice cream."
Heineken,It's all about the beer.
Gatorade,The Legend Continues.
Milo,MILO Everyday!
Starbucks,Customize Your Cup.
Audi,Vorsprung durch Technik.
Snickers,Get some nuts!
NIVEA,More evolved skincare.
KFC(Kentucky Fried Chicken),Finger Lickin' Good.
Nescafe,It all starts with a NescafÃ©.
Levi's Jeans,Original jeans. original people.
Dove (toiletries),The secret of beautiful hair.
Lipton,Be more tea.
Pampers,Discover your babyâs world.
Coca-Cola,Taste The Feeling.
Dannon Yogurt,Love it for life.
Ralston Purina,All you add is love.
Pringles,"Once you pop, you can't stop."
M&M'S,"Melts in Your Mouth, Not in Your Hands."
Heinz,Good Food Every Day.
Fanta,"Drink Fanta, stay Bamboocha."
Colgate,"Stronger, healthier gums."
Pizza Hut,Make it great.
Domino's Pizza,Pizza deliver experts.
Head & Shoulders,Live head first.
Ben & Jerry's,"Peace, love & ice cream."
Heineken,It's all about the beer.
Gatorade,The Legend Continues.
Milo,MILO Everyday!
Starbucks,Customize Your Cup.
Audi,Vorsprung durch Technik.
Snickers,Get some nuts!
NIVEA,More evolved skincare.
KFC(Kentucky Fried Chicken),Finger Lickin' Good.
Nescafe,It all starts with a NescafÃ©.
Levi's Jeans,Original jeans. original people.
Dove (toiletries),The secret of beautiful hair.
Lipton,Be more tea.
Pampers,Discover your babyâs world.
Coca-Cola,Taste The Feeling.
Papa John's Pizza,Better Ingredients. Better Pizza.
Applebee's,Together is good.
Chili's,Like no place else.
Winky's,Fast Food Cheap
Wetson's,Buy a bagful.
Royal Castle (restaurant chain),Fit for a king!
Red Barn (restaurant),You'll find more of what you are hankerin'
Bembos,The best burger and more.
Henry's Hamburgers,Head for Henry's
Druther's,I'd Ruther Go to Druther's Restaurant.
Five Guys,Best Burger
Friendly's,Deliciously fun
Beacon Drive In,we don't change.
Aurelio's Pizza,Aurelio's is Pizza!
Sukiya,save time and money
Orange Julius,A Devilish Good Drink
Fosters Freeze,Everything at Foster's is wonderful to eat
Kewpee,Mity Nice Hamburger.
Rax Roast Beef,All the right stuff.
Del Taco,Feed the Beast
Fanta,"Drink Fanta, stay Bamboocha."
Colgate,"Stronger, healthier gums."
Pizza Hut,Make it great.
Domino's Pizza,Pizza deliver experts.
Head & Shoulders,Live head first.
Ben & Jerry's,"Peace, love & ice cream."
Heineken,It's all about the beer.
Gatorade,The Legend Continues.
Milo,MILO Everyday!
Starbucks,Customize Your Cup.
Audi,Vorsprung durch Technik.
Snickers,Get some nuts!
NIVEA,More evolved skincare.
Nescafe,It all starts with a NescafÃ©.
KFC(Kentucky Fried Chicken),Finger Lickin' Good.
Levi's Jeans,Original jeans. original people.
Dove (toiletries),The secret of beautiful hair.
Lipton,Be more tea.
Pampers,Discover your babyâs world.
Coca-Cola,Taste The Feeling.
Noodles & Company,Your World Kitchen
Steak 'n Shake,Famous for Steakburgers
Spangles,it just tastes better!
Mary Brown's,Truly Canadian
Flunch,Y'a que chez Flunch qu'on peut fluncher
Kirby's Pig Stand,Quick Curb Service
Round Table Pizza,The Last Honest Pizza
Brewers Fayre,Pub Food as it Should Be
Big Boy Restaurants,It's your Big Boy
Burger Chef,Nowhere else but Burger Chef.
Qdoba,Not just big burritos. Big flavors.
Steak Escape,Americas Favorite Cheesesteak
White Castle,What you crave.
Outback Steakhouse,"No rules, just right."
Red Rooster,It's gotta be red
Little Caesars,Pizza! Pizza!
Steers,It Just Tastes Better.
IHOP,"Come hungry, leave happy."
Mr. Sub,Yours Since 1968.
Fryer's,Quality You Can Trust.
Fanta,"Drink Fanta, stay Bamboocha."
Colgate,"Stronger, healthier gums."
Pizza Hut,Make it great.
Domino's Pizza,Pizza deliver experts.
Head & Shoulders,Live head first.
Ben & Jerry's,"Peace, love & ice cream."
Heineken,It's all about the beer.
Gatorade,The Legend Continues.
Milo,MILO Everyday!
Starbucks,Customize Your Cup.
Audi,Vorsprung durch Technik.
Snickers,Get some nuts!
NIVEA,More evolved skincare.
Nescafe,It all starts with a NescafÃ©.
KFC(Kentucky Fried Chicken),Finger Lickin' Good.
Levi's Jeans,Original jeans. original people.
Dove (toiletries),The secret of beautiful hair.
Lipton,Be more tea.
Pampers,Discover your babyâs world.
Coca-Cola,Taste The Feeling.
Kelseys original Roadhouse,Neighbourhood Bar and Grill.
Hungry Jack's,Makes It Better.
Twin Peaks,Eats. Drinks. Scenic Views.
Schlotzsky's,Lotz Better.
Quiznos,Eat Up.
Chuck E. Cheese's,All You Can Play.
Krispy Kreme,Happy All Around.
Harry Ramsden's,World famous fish & chips.
Jimmy John's,Serious delivery.
Checkers and Rally's,Crazy good food.
Tim Hortons,Always fresh.
Ground Round,We've got what you like.
Greggs,Always fresh. Always tasty.
Village Inn,"Good Food, Good Feelings."
Wawa,Gottahava Wawa
Harvey's,To each his burger.
Olive Garden,A Passion for Italy
Red Lobster,See whatâs cooking.
Wienerschnitzel,The World's most wanted wiener.
Yoshinoya,"Tasty, low-priced, and quick"
Fanta,"Drink Fanta, stay Bamboocha."
Colgate,"Stronger, healthier gums."
Pizza Hut,Make it great.
Domino's Pizza,Pizza deliver experts.
Head & Shoulders,Live head first.
Ben & Jerry's,"Peace, love & ice cream."
Heineken,It's all about the beer.
Gatorade,The Legend Continues.
Milo,MILO Everyday!
Starbucks,Customize Your Cup.
Audi,Vorsprung durch Technik.
Snickers,Get some nuts!
NIVEA,More evolved skincare.
Nescafe,It all starts with a NescafÃ©.
KFC(Kentucky Fried Chicken),Finger Lickin' Good.
Levi's Jeans,Original jeans. original people.
Dove (toiletries),The secret of beautiful hair.
Lipton,Be more tea.
Pampers,Discover your babyâs world.
Coca-Cola,Taste The Feeling.
Long John Silver's,That's what I like.
Fatburger,The last great hamburger stand.
Jack in the Box,Eat it. Any time.
TCBY,This Countryâs Best Yogurt.
Chicken of the Sea,Itâs Americaâs best-tasting tuna
Hooters,nearly world famous chicken wings
Papa Murphy's,Take nâ Bake Pizza.
Denny's,Weâre cooking now.
Auntie Anneâs,Pretzel Perfect
Sonic Drive-In,Sonic Everywhere
ConAgra Foods,Food you love
Ruth's Chris Steakhouse,Lifeâs too short to eat anywhere else.
Sizzler,"Great steaks, seafood and salads."
Taco John's,We prepare every order fresh
Waffle House,Itâs 2am and youâre drunk
Popeye's Chicken,Party with Popeyeâs
Vlasic Pickles,Always the perfect pickle
Bagel Bites,You can prepare them in an instant.
Chick-fil-A,Eat Mor Chikin!
Rice Krispies,"Snap, Crackle, Pop."
Fanta,"Drink Fanta, stay Bamboocha."
Colgate,"Stronger, healthier gums."
Pizza Hut,Make it great.
Domino's Pizza,Pizza deliver experts.
Head & Shoulders,Live head first.
Ben & Jerry's,"Peace, love & ice cream."
Heineken,It's all about the beer.
Gatorade,The Legend Continues.
Milo,MILO Everyday!
Starbucks,Customize Your Cup.
Audi,Vorsprung durch Technik.
Snickers,Get some nuts!
NIVEA,More evolved skincare.
Nescafe,It all starts with a NescafÃ©.
KFC(Kentucky Fried Chicken),Finger Lickin' Good.
Levi's Jeans,Original jeans. original people.
Dove (toiletries),The secret of beautiful hair.
Lipton,Be more tea.
Pampers,Discover your babyâs world.
Coca-Cola,Taste The Feeling.
Dunkin' Donuts,Loosen up a little.
Church's Chicken,You Bring It Home.
Carl's Jr.,Making people happy through food
A&W,A & W. All American Food.
Dairy Queen,Do something different.
Arby's,Slicing up freshness.
Wendy's,Do what tastes right.
Domino's Pizza,Pizza deliver experts.
Pizza Hut,Make it great.
Taco Bell,Think outside the bun
Hardee's,Where the food's the star.
Burger King,Have it your way.
Kit Kat,"Have a Break, Have a Kit Kat."
Subway,Eat Fresh.
KFC(Kentucky Fried Chicken),Finger Lickin' Good.
McDonalds,Iâm Lovinâ It.
Fanta,"Drink Fanta, stay Bamboocha."
Colgate,"Stronger, healthier gums."
Pizza Hut,Make it great.
Domino's Pizza,Pizza deliver experts.
Head & Shoulders,Live head first.
Ben & Jerry's,"Peace, love & ice cream."
Heineken,It's all about the beer.
Gatorade,The Legend Continues.
Milo,MILO Everyday!
Starbucks,Customize Your Cup.
Audi,Vorsprung durch Technik.
Snickers,Get some nuts!
NIVEA,More evolved skincare.
Nescafe,It all starts with a NescafÃ©.
KFC(Kentucky Fried Chicken),Finger Lickin' Good.
Levi's Jeans,Original jeans. original people.
Dove (toiletries),The secret of beautiful hair.
Lipton,Be more tea.
Pampers,Discover your babyâs world.
Coca-Cola,Taste The Feeling.
