text,parent_key
1.11.2.2,BE0001075
MPO,BE0001075
1.14.14.1,BE0002433
Cholesterol 25-hydroxylase,BE0002433
CYPIA2,BE0002433
Cytochrome P(3)450,BE0002433
Cytochrome P450 4,BE0002433
Cytochrome P450-P3,BE0002433
3.4.24.65,BE0001198
HME,BE0001198
Macrophage elastase,BE0001198
Matrix metalloproteinase-12,BE0001198
ME,BE0001198
MME,BE0001198
MMP-12,BE0001198
3.4.21.37,BE0000394
Bone marrow serine protease,BE0000394
ELA2,BE0000394
Elastase-2,BE0000394
HLE,BE0000394
Human leukocyte elastase,BE0000394
Medullasin,BE0000394
PMN elastase,BE0000394
1.14.14.1,BE0002363
Cholesterol 25-hydroxylase,BE0002363
CYP2DL1,BE0002363
CYPIID6,BE0002363
Cytochrome P450-DB1,BE0002363
Debrisoquine 4-hydroxylase,BE0002363
(R)-limonene 6-monooxygenase,BE0002793
(S)-limonene 6-monooxygenase,BE0002793
(S)-limonene 7-monooxygenase,BE0002793
1.14.13.-,BE0002793
Cholesterol 25-hydroxylase,BE0002793
CYP2C10,BE0002793
CYPIIC9,BE0002793
Cytochrome P-450MP,BE0002793
Cytochrome P450 MP-4,BE0002793
Cytochrome P450 MP-8,BE0002793
Cytochrome P450 PB-1,BE0002793
S-mephenytoin 4-hydroxylase,BE0002793
3.4.21.5,BE0000048
Coagulation factor II,BE0000048
3.4.21.69,BE0000380
Anticoagulant protein C,BE0000380
Autoprothrombin IIA,BE0000380
Blood coagulation factor XIV,BE0000380
3.4.24.56,BE0001183
Abeta-degrading protease,BE0001183
Insulin protease,BE0001183
Insulinase,BE0001183
Insulysin,BE0001183
3.4.21.94,BE0002124
KEX2-like endoprotease 2,BE0002124
NEC 2,BE0002124
NEC2,BE0002124
PC2,BE0002124
Prohormone convertase 2,BE0002124
Proprotein convertase 2,BE0002124
3.4.21.93,BE0002125
NEC 1,BE0002125
NEC1,BE0002125
PC1,BE0002125
Prohormone convertase 1,BE0002125
Proprotein convertase 1,BE0002125
1.14.99.1,BE0000017
COX-1,BE0000017
COX1,BE0000017
Cyclooxygenase-1,BE0000017
PGH synthase 1,BE0000017
PGHS-1,BE0000017
PHS 1,BE0000017
Prostaglandin H2 synthase 1,BE0000017
Prostaglandin-endoperoxide synthase 1,BE0000017
1.14.99.1,BE0000262
COX-2,BE0000262
COX2,BE0000262
Cyclooxygenase-2,BE0000262
PGH synthase 2,BE0000262
PGHS-2,BE0000262
PHS II,BE0000262
Prostaglandin H2 synthase 2,BE0000262
Prostaglandin-endoperoxide synthase 2,BE0000262
CPLA2,BE0000657
Phospholipase A2 group IVA,BE0000657
PLA2G4,BE0000657
"1,8-cineole 2-exo-monooxygenase",BE0002638
1.14.13.-,BE0002638
Albendazole monooxygenase,BE0002638
Albendazole sulfoxidase,BE0002638
Cholesterol 25-hydroxylase,BE0002638
CYP3A3,BE0002638
CYPIIIA3,BE0002638
CYPIIIA4,BE0002638
Cytochrome P450 3A3,BE0002638
Cytochrome P450 HLp,BE0002638
Cytochrome P450 NF-25,BE0002638
Cytochrome P450-PCN1,BE0002638
Nifedipine oxidase,BE0002638
Quinine 3-monooxygenase,BE0002638
Taurochenodeoxycholate 6-alpha-hydroxylase,BE0002638
XDHA,BE0002204
1.14.13.-,BE0003533
4-nitrophenol 2-hydroxylase,BE0003533
CYP2E,BE0003533
CYPIIE1,BE0003533
Cytochrome P450-J,BE0003533
1.14.13.15,BE0000549
"5-beta-cholestane-3-alpha,7-alpha,12-alpha-triol 27-hydroxylase",BE0000549
CYP27,BE0000549
Cytochrome P-450C27/25,BE0000549
Cytochrome P450 27,BE0000549
Sterol 27-hydroxylase,BE0000549
Vitamin D(3) 25-hydroxylase,BE0000549
6.3.1.2,BE0002240
GLNS,BE0002240
Glutamate decarboxylase,BE0002240
Glutamate--ammonia ligase,BE0002240
GS,BE0002240
1.14.14.1,BE0003611
CYPIIC18,BE0003611
Cytochrome P450-6b/29c,BE0003611
3.1.1.8,BE0002180
Acylcholine acylhydrolase,BE0002180
Butyrylcholine esterase,BE0002180
CHE1,BE0002180
Choline esterase II,BE0002180
Pseudocholinesterase,BE0002180
20-HETE synthase,BE0000421
20-hydroxyeicosatetraenoic acid synthase,BE0000421
CYP4A2,BE0000421
CYP4AII,BE0000421
CYPIVA11,BE0000421
Cytochrome P-450HK-omega,BE0000421
Cytochrome P450HL-omega,BE0000421
Fatty acid omega-hydroxylase,BE0000421
Lauric acid omega-hydroxylase,BE0000421
Long-chain fatty acid omega-monooxygenase,BE0000421
1.14.14.1,BE0002362
CYPIIIA5,BE0002362
Cytochrome P450 HLp2,BE0002362
Cytochrome P450-PCN3,BE0002362
(R)-limonene 6-monooxygenase,BE0003536
(S)-limonene 6-monooxygenase,BE0003536
(S)-limonene 7-monooxygenase,BE0003536
1.14.13.-,BE0003536
CYPIIC17,BE0003536
CYPIIC19,BE0003536
Cytochrome P450-11A,BE0003536
Cytochrome P450-254C,BE0003536
Mephenytoin 4-hydroxylase,BE0003536
3.4.21.26,BE0002148
PE,BE0002148
PEP,BE0002148
Post-proline cleaving enzyme,BE0002148
2.5.1.17,BE0000456
Cob(I)alamin adenosyltransferase,BE0000456
Methylmalonic aciduria type B protein,BE0000456
Adenosylcobinamide kinase,BE0002668
Adenosylcobinamide-phosphate guanylyltransferase,BE0002668
2.5.1.16,BE0000300
Putrescine aminopropyltransferase,BE0000300
SPDSY,BE0000300
SPS1,BE0000300
SRML1,BE0000300
1.14.14.1,BE0001111
CYPIB1,BE0001111
2.7.8.1,BE0002190
hCEPT1,BE0002190
CHETK,BE0000237
CHKL,BE0000237
Choline kinase beta,BE0000237
Choline kinase-like protein,BE0000237
choline/ethanolamine kinase beta,BE0000237
CK,BE0000237
CKB,BE0000237
CKEKB,BE0000237
EK,BE0000237
EKB,BE0000237
Ethanolamine kinase,BE0000237
Ethanolamine kinase beta,BE0000237
2.3.1.6,BE0000519
CHOACTase,BE0000519
2.7.1.32,BE0000784
CHETK-alpha,BE0000784
CHK,BE0000784
CK,BE0000784
CKI,BE0000784
EK,BE0000784
Ethanolamine kinase,BE0000784
1.1.99.1,BE0000636
CDH,BE0000636
1.8.1.9,BE0001979
Gene associated with retinoic and IFN-induced mortality 12 protein,BE0001979
Gene associated with retinoic and interferon-induced mortality 12 protein,BE0001979
GRIM-12,BE0001979
GRIM12,BE0001979
KDRF,BE0001979
KM-102-derived reductase-like factor,BE0001979
Thioredoxin reductase TR1,BE0001979
TR,BE0001979
2.3.1.57,BE0000111
Polyamine N-acetyltransferase 1,BE0000111
Putrescine acetyltransferase,BE0000111
SAT,BE0000111
Spermidine/spermine N(1)-acetyltransferase 1,BE0000111
SSAT,BE0000111
SSAT-1,BE0000111
2.3.1.57,BE0000275
Polyamine N-acetyltransferase 2,BE0000275
Spermidine/spermine N(1)-acetyltransferase 2,BE0000275
SSAT2,BE0000275
Thialysine N-epsilon-acetyltransferase,BE0000275
6.3.5.5,BE0002227
2.3.2.13,BE0000004
Coagulation factor XIIIa,BE0000004
F13A,BE0000004
Protein-glutamine gamma-glutamyltransferase A chain,BE0000004
Transglutaminase A chain,BE0000004
3.5.1.2,BE0000825
GLS,BE0000825
GLS1,BE0000825
K-glutaminase,BE0000825
KIAA0838,BE0000825
L-glutamine amidohydrolase,BE0000825
3.5.1.2,BE0000003
GA,BE0000003
GLS,BE0000003
L-glutaminase,BE0000003
L-glutamine amidohydrolase,BE0000003
2.3.2.13,BE0001035
TG(C),BE0001035
TGase C,BE0001035
TGase H,BE0001035
TGase-2,BE0001035
TGC,BE0001035
Tissue transglutaminase,BE0001035
Transglutaminase C,BE0001035
Transglutaminase H,BE0001035
Transglutaminase-2,BE0001035
2.3.2.13,BE0002236
TG(X),BE0002236
TGase X,BE0002236
TGase-5,BE0002236
TGMX,BE0002236
TGX,BE0002236
Transglutaminase X,BE0002236
Transglutaminase-5,BE0002236
2.3.2.13,BE0002239
TG6,BE0002239
TGase Y,BE0002239
TGase-3-like,BE0002239
TGase-6,BE0002239
TGM3L,BE0002239
TGY,BE0002239
Transglutaminase Y,BE0002239
Transglutaminase-3-like,BE0002239
Transglutaminase-6,BE0002239
2.3.2.13,BE0002241
Epidermal TGase,BE0002241
KTG,BE0002241
TG(K),BE0002241
TGase K,BE0002241
TGase-1,BE0002241
TGK,BE0002241
Transglutaminase K,BE0002241
Transglutaminase-1,BE0002241
2.3.2.13,BE0002243
Fibrinoligase,BE0002243
Prostate transglutaminase,BE0002243
Prostate-specific transglutaminase,BE0002243
TG(P),BE0002243
TGase P,BE0002243
TGase-4,BE0002243
TGP,BE0002243
Transglutaminase P,BE0002243
Transglutaminase-4,BE0002243
2.3.2.13,BE0001273
TG(E),BE0001273
TGase E,BE0001273
TGase-3,BE0001273
TGE,BE0001273
Transglutaminase E,BE0001273
Transglutaminase-3,BE0001273
TG(Z),BE0002245
TGase Z,BE0002245
TGase-7,BE0002245
TGZ,BE0002245
Transglutaminase Z,BE0002245
Transglutaminase-7,BE0002245
6.3.5.2,BE0000321
Glutamine amidotransferase,BE0000321
GMP synthetase,BE0000321
6.3.5.4,BE0000219
Cell cycle control protein TS11,BE0000219
Glutamine-dependent asparagine synthetase,BE0000219
TS11,BE0000219
2.6.1.7,BE0000273
Cysteine-S-conjugate beta-lyase,BE0000273
Glutamine transaminase K,BE0000273
Glutamine--phenylpyruvate transaminase,BE0000273
GTK,BE0000273
KATI,BE0000273
Kynurenine aminotransferase I,BE0000273
Kynurenine--oxoglutarate transaminase I,BE0000273
6.3.5.3,BE0002235
FGAM synthase,BE0002235
FGAR amidotransferase,BE0002235
FGAR-AT,BE0002235
Formylglycinamide ribonucleotide amidotransferase,BE0002235
Formylglycinamide ribotide amidotransferase,BE0002235
KIAA0361,BE0002235
6.3.5.-,BE0002237
Cytochrome c oxidase assembly factor PET112 homolog,BE0002237
Glu-AdT subunit B,BE0002237
PET112,BE0002237
PET112L,BE0002237
2.6.1.16,BE0002238
D-fructose-6-phosphate amidotransferase 2,BE0002238
GFAT 2,BE0002238
GFAT2,BE0002238
Glutamine:fructose-6-phosphate amidotransferase 2,BE0002238
Hexosephosphate aminotransferase 2,BE0002238
6.1.1.18,BE0002242
GlnRS,BE0002242
Glutaminyl-tRNA synthetase,BE0002242
6.3.5.1,BE0002244
NAD(+) synthase [glutamine-hydrolyzing],BE0002244
NAD(+) synthetase,BE0002244
3.5.4.6,BE0000352
AMP deaminase isoform M,BE0000352
Myoadenylate deaminase,BE0000352
2.4.2.7,BE0000115
APRT,BE0000115
1.5.1.20,BE0002176
2.5.1.6,BE0000304
AdoMet synthase 2,BE0000304
AMS2,BE0000304
MAT 2,BE0000304
MAT-II,BE0000304
MATA2,BE0000304
Methionine adenosyltransferase 2,BE0000304
Methionine adenosyltransferase II,BE0000304
1.8.4.-,BE0000432
CBS-1,BE0000432
MSRB,BE0000432
MsrB2,BE0000432
2.5.1.6,BE0000407
AdoMet synthase 1,BE0000407
AMS1,BE0000407
MAT 1,BE0000407
MAT-I/III,BE0000407
MATA1,BE0000407
Methionine adenosyltransferase 1,BE0000407
Methionine adenosyltransferase I/III,BE0000407
1.8.4.-,BE0000288
MsrB1,BE0000288
Selenoprotein X,BE0000288
SelX,BE0000288
SEPX1,BE0000288
1.8.4.11,BE0000170
Peptide Met(O) reductase,BE0000170
Peptide-methionine (S)-S-oxide reductase,BE0000170
PMSR,BE0000170
Protein-methionine-S-oxide reductase,BE0000170
6.1.1.10,BE0000543
Methionyl-tRNA synthetase,BE0000543
MetRS,BE0000543
6.1.1.10,BE0002248
Methionyl-tRNA synthetase 2,BE0002248
Mitochondrial methionyl-tRNA synthetase,BE0002248
MtMetRS,BE0002248
MAT II beta,BE0002178
Methionine adenosyltransferase II beta,BE0002178
Putative dTDP-4-keto-6-deoxy-D-glucose 4-reductase,BE0002178
TGR,BE0002178
2.1.1.10,BE0002249
Betaine--homocysteine S-methyltransferase 2,BE0002249
SMM-hcy methyltransferase,BE0002249
1.14.13.126,BE0002250
24-OHase,BE0002250
CYP24,BE0002250
Cytochrome P450 24A1,BE0002250
Cytochrome P450-CC24,BE0002250
CYB560,BE0002257
CYBL,BE0002257
Integral membrane protein CII-3,BE0002257
QPs-1,BE0002257
QPs1,BE0002257
SDH3,BE0002257
Succinate dehydrogenase complex subunit C,BE0002257
Succinate-ubiquinone oxidoreductase cytochrome B large subunit,BE0002257
1.3.5.1,BE0000176
Flavoprotein subunit of complex II,BE0000176
Fp,BE0000176
SDH2,BE0000176
SDHF,BE0000176
6.2.1.4,BE0000355
GTP-specific succinyl-CoA synthetase subunit beta,BE0000355
SCS-betaG,BE0000355
Succinyl-CoA synthetase beta-G chain,BE0000355
1.14.11.2,BE0009980
4-PH alpha-1,BE0009980
P4HA,BE0009980
"Procollagen-proline,2-oxoglutarate-4-dioxygenase subunit alpha-1",BE0009980
1.14.11.4,BE0002195
LH3,BE0002195
Lysyl hydroxylase 3,BE0002195
1.14.11.7,BE0002202
GROS1,BE0002202
Growth suppressor 1,BE0002202
LEPRE1,BE0002202
Leprecan-1,BE0002202
Leucine- and proline-enriched proteoglycan 1,BE0002202
1.14.11.7,BE0002206
Leprecan-like protein 1,BE0002206
LEPREL1,BE0002206
MLAT4,BE0002206
Myxoid liposarcoma-associated protein 4,BE0002206
1.14.11.7,BE0002208
Leprecan-like protein 2,BE0002208
LEPREL2,BE0002208
Protein B,BE0002208
2.8.3.5,BE0002256
3-oxoacid CoA-transferase 1,BE0002256
OXCT,BE0002256
SCOT,BE0002256
SCOT-s,BE0002256
Somatic-type succinyl-CoA:3-oxoacid CoA-transferase,BE0002256
1.14.11.16,BE0000528
ASP beta-hydroxylase,BE0000528
Aspartate beta-hydroxylase,BE0000528
BAH,BE0000528
Peptide-aspartate beta-dioxygenase,BE0000528
1.4.3.4,BE0002198
MAO-A,BE0002198
Monoamine oxidase type A,BE0002198
2.5.1.18,BE0002189
GST class-alpha member 2,BE0002189
GST HA subunit 2,BE0002189
GST-gamma,BE0002189
GST2,BE0002189
GSTA2-2,BE0002189
GTH2,BE0002189
2.5.1.18,BE0002281
GST class-alpha member 1,BE0002281
GST HA subunit 1,BE0002281
GST-epsilon,BE0002281
GSTA1-1,BE0002281
GTH1,BE0002281
2.1.2.10,BE0000010
GCST,BE0000010
GCVT,BE0000010
Glycine cleavage system T protein,BE0000010
1.4.4.2,BE0000618
GCSP,BE0000618
Glycine cleavage system P protein,BE0000618
Glycine decarboxylase,BE0000618
Glycine dehydrogenase (aminomethyl-transferring),BE0000618
1.8.1.4,BE0000737
Dihydrolipoamide dehydrogenase,BE0000737
GCSL,BE0000737
Glycine cleavage system L protein,BE0000737
LAD,BE0000737
PHE3,BE0000737
Lipoic acid-containing protein,BE0002302
1.14.13.13,BE0000443
25-hydroxyvitamin D(3) 1-alpha-hydroxylase,BE0000443
25-OHD-1 alpha-hydroxylase,BE0000443
Calcidiol 1-monooxygenase,BE0000443
CYP1ALPHA,BE0000443
CYP27B,BE0000443
Cytochrome p450 27B1,BE0000443
Cytochrome P450 subfamily XXVIIB polypeptide 1,BE0000443
Cytochrome P450C1 alpha,BE0000443
Cytochrome P450VD1-alpha,BE0000443
VD3 1A hydroxylase,BE0000443
1.13.11.11,BE0003532
TDO,BE0003532
TO,BE0003532
TRPO,BE0003532
"Tryptamin 2,3-dioxygenase",BE0003532
Tryptophan oxygenase,BE0003532
Tryptophan pyrrolase,BE0003532
Tryptophanase,BE0003532
4.1.1.28,BE0002151
AADC,BE0002151
DDC,BE0002151
DOPA decarboxylase,BE0002151
6.1.1.2,BE0001343
TrpRS,BE0001343
Tryptophanyl-tRNA synthetase,BE0001343
(Mt)TrpRS,BE0002311
6.1.1.2,BE0002311
TrpRS,BE0002311
Tryptophanyl-tRNA synthetase,BE0002311
1.14.16.4,BE0000121
TPH,BE0000121
TPRH,BE0000121
TRPH,BE0000121
Tryptophan 5-monooxygenase 1,BE0000121
1.14.16.4,BE0000080
Neuronal tryptophan hydroxylase,BE0000080
NTPH,BE0000080
Tryptophan 5-monooxygenase 2,BE0000080
6.1.1.2,BE0000228
hWRS,BE0000228
IFI53,BE0000228
IFP53,BE0000228
Interferon-induced protein 53,BE0000228
TrpRS,BE0000228
Tryptophanyl-tRNA synthetase,BE0000228
WRS,BE0000228
1.13.11.52,BE0000693
IDO,BE0000693
IDO-1,BE0000693
INDO,BE0000693
"Indoleamine-pyrrole 2,3-dioxygenase",BE0000693
1.14.14.1,BE0004673
CYPIVB1,BE0004673
Cytochrome P450-HP,BE0004673
2.7.6.2,BE0000157
hTPK1,BE0000157
Placental protein 20,BE0000157
PP20,BE0000157
Thiamine pyrophosphokinase 1,BE0000157
3.6.1.6,BE0009876
CD39 antigen-like 4,BE0009876
CD39L4,BE0009876
ER-UDPase,BE0009876
GDPase ENTPD5,BE0009876
Guanosine-diphosphatase ENTPD5,BE0009876
NTPDase 5,BE0009876
Nucleoside diphosphatase,BE0009876
PCPH,BE0009876
UDPase ENTPD5,BE0009876
Uridine-diphosphatase ENTPD5,BE0009876
3.6.1.28,BE0009877
ThTPase,BE0009877
1.14.13.159,BE0000524
Cytochrome P450 2R1,BE0000524
5.1.3.1,BE0009671
Ribulose-5-phosphate-3-epimerase,BE0009671
1.14.15.6,BE0003537
Cholesterol desmolase,BE0003537
CYP11A,BE0003537
CYPXIA1,BE0003537
Cytochrome P450 11A1,BE0003537
Cytochrome P450(scc),BE0003537
1.2.3.1,BE0003539
Aldehyde oxidase 1,BE0003539
AO,BE0003539
Azaheterocycle hydroxylase,BE0003539
1.1.1.1,BE0003545
1.1.1.2,BE0004352
Aldehyde reductase,BE0004352
Aldo-keto reductase family 1 member A1,BE0004352
ALDR1,BE0004352
ALR,BE0004352
1.1.1.1,BE0000227
ADH1,BE0000227
Alcohol dehydrogenase subunit alpha,BE0000227
1.1.1.1,BE0000400
ADH2,BE0000400
Alcohol dehydrogenase subunit beta,BE0000400
1.1.1.1,BE0000360
Alcohol dehydrogenase class II pi chain,BE0000360
1.1.1.1,BE0000009
ADHX,BE0000009
Alcohol dehydrogenase 5,BE0000009
Alcohol dehydrogenase class chi chain,BE0000009
Alcohol dehydrogenase class-III,BE0000009
FALDH,BE0000009
FDH,BE0000009
Glutathione-dependent formaldehyde dehydrogenase,BE0000009
GSH-FDH,BE0000009
S-(hydroxymethyl)glutathione dehydrogenase,BE0000009
1.1.1.1,BE0000522
Alcohol dehydrogenase class IV mu/sigma chain,BE0000522
Gastric alcohol dehydrogenase,BE0000522
Retinol dehydrogenase,BE0000522
3.4.19.9,BE0000265
Conjugase,BE0000265
Gamma-Glu-X carboxypeptidase,BE0000265
GH,BE0000265
1.5.1.3,BE0000330
6.1.1.9,BE0000223
G7A,BE0000223
Protein G7a,BE0000223
ValRS,BE0000223
Valyl-tRNA synthetase,BE0000223
VARS2,BE0000223
6.4.1.3,BE0000544
PCCase subunit beta,BE0000544
Propanoyl-CoA:carbon dioxide ligase subunit beta,BE0000544
2.6.1.42,BE0000517
BCAT(c),BE0000517
BCT1,BE0000517
ECA39,BE0000517
Protein ECA39,BE0000517
1.14.-.-,BE0003480
CYP26,BE0003480
Cytochrome P450 retinoic acid-inactivating 1,BE0003480
Cytochrome P450RAI,BE0003480
hP450RAI,BE0003480
P450RAI1,BE0003480
Retinoic acid 4-hydroxylase,BE0003480
Retinoic acid-metabolizing cytochrome,BE0003480
2.5.1.18,BE0000814
FAEES3,BE0000814
GST class-pi,BE0000814
GST3,BE0000814
GSTP1-1,BE0000814
2.5.1.18,BE0000815
Glutathione S-transferase omega 1-1,BE0000815
Glutathione-dependent dehydroascorbate reductase,BE0000815
GSTO 1-1,BE0000815
GSTO-1,BE0000815
GSTTLP28,BE0000815
MMA(V) reductase,BE0000815
Monomethylarsonic acid reductase,BE0000815
S-(Phenacyl)glutathione reductase,BE0000815
SPG-R,BE0000815
2.5.1.18,BE0000810
GST class-mu 3,BE0000810
GST5,BE0000810
GSTM3-3,BE0000810
hGSTM3-3,BE0000810
6.3.2.2,BE0000166
Gamma-ECS,BE0000166
Gamma-glutamylcysteine synthetase,BE0000166
GCS heavy chain,BE0000166
GLCL,BE0000166
GLCLC,BE0000166
1.6.5.2,BE0001184
Azoreductase,BE0001184
DIA4,BE0001184
DT-diaphorase,BE0001184
DTD,BE0001184
Menadione reductase,BE0001184
NAD(P)H:quinone oxidoreductase 1,BE0001184
NMOR1,BE0001184
Phylloquinone reductase,BE0001184
QR1,BE0001184
Quinone reductase 1,BE0001184
1.14.14.18,BE0000735
HO,BE0000735
HO-1,BE0000735
HO1,BE0000735
1.15.1.1,BE0002390
hSod1,BE0002390
Superoxide dismutase 1,BE0002390
1.14.14.1,BE0003543
CYPIA1,BE0003543
Cytochrome P450 form 6,BE0003543
Cytochrome P450-C,BE0003543
Cytochrome P450-P1,BE0003543
2.7.1.35,BE0000042
C21orf124,BE0000042
C21orf97,BE0000042
PKH,BE0000042
PNK,BE0000042
Pyridoxine kinase,BE0000042
3.1.3.3,BE0000278
Chronophin,BE0000278
CIN,BE0000278
PLP,BE0000278
PLP phosphatase,BE0000278
PLPP,BE0000278
3.1.3.1,BE0003546
Alkaline phosphatase liver/bone/kidney isozyme,BE0003546
AP-TNAP,BE0003546
1.6.2.4,BE0002364
CPR,BE0002364
CYPOR,BE0002364
1.14.14.1,BE0003683
Arachidonic acid epoxygenase,BE0003683
CYPIIJ2,BE0003683
1.14.14.1,BE0002887
CYPIIC8,BE0002887
Cytochrome P450 form 1,BE0002887
Cytochrome P450 IIC2,BE0002887
Cytochrome P450 MP-12,BE0002887
Cytochrome P450 MP-20,BE0002887
S-mephenytoin 4-hydroxylase,BE0002887
"1,4-cineole 2-exo-monooxygenase",BE0003336
1.14.13.-,BE0003336
Coumarin 7-hydroxylase,BE0003336
CYP2A3,BE0003336
CYPIIA6,BE0003336
Cytochrome P450 IIA3,BE0003336
Cytochrome P450(I),BE0003336
2.7.1.20,BE0003540
Adenosine 5'-phosphotransferase,BE0003540
AK,BE0003540
1.5.5.2,BE0002330
p53-induced gene 6 protein,BE0002330
PIG6,BE0002330
POX2,BE0002330
Proline oxidase,BE0002330
Proline oxidase 2,BE0002330
2.4.1.17,BE0003541
Bilirubin-specific UDPGT isozyme 1,BE0003541
GNT1,BE0003541
hUG-BR1,BE0003541
UDP-glucuronosyltransferase 1-A,BE0003541
UDP-glucuronosyltransferase 1A1,BE0003541
UDPGT 1-1,BE0003541
UGT-1A,BE0003541
UGT1,BE0003541
UGT1A,BE0003541
"1,8-cineole 2-exo-monooxygenase",BE0004866
1.14.13.-,BE0004866
Albendazole monooxygenase,BE0004866
Albendazole sulfoxidase,BE0004866
Cholesterol 25-hydroxylase,BE0004866
CYP3A3,BE0004866
CYPIIIA3,BE0004866
CYPIIIA4,BE0004866
Cytochrome P450 3A3,BE0004866
Cytochrome P450 HLp,BE0004866
Cytochrome P450 NF-25,BE0004866
Cytochrome P450-PCN1,BE0004866
Nifedipine oxidase,BE0004866
Quinine 3-monooxygenase,BE0004866
Taurochenodeoxycholate 6-alpha-hydroxylase,BE0004866
"1,4-cineole 2-exo-monooxygenase",BE0003549
1.14.13.-,BE0003549
CYPIIB6,BE0003549
Cytochrome P450 IIB1,BE0003549
1.13.11.34,BE0000248
5-LO,BE0000248
LOG5,BE0000248
1.14.14.1,BE0003534
CYPIIA13,BE0003534
1.4.3.4,BE0002196
MAO-B,BE0002196
Monoamine oxidase type B,BE0002196
1.14.13.8,BE0003609
Dimethylaniline oxidase 1,BE0003609
Fetal hepatic flavin-containing monooxygenase 1,BE0003609
FMO 1,BE0003609
2.4.1.17,BE0004696
HLUG4,BE0004696
UDP-glucuronosyltransferase 2B8,BE0004696
UDPGT 2B15,BE0004696
UDPGT 2B8,BE0004696
UDPGTh-3,BE0004696
UGT2B8,BE0004696
3.5.4.4,BE0002214
ADA1,BE0002214
Adenosine aminohydrolase,BE0002214
1.14.14.14,BE0002090
ARO1,BE0002090
CYAR,BE0002090
CYP19,BE0002090
CYPXIX,BE0002090
Cytochrome P-450AROM,BE0002090
Cytochrome P450 19A1,BE0002090
Estrogen synthase,BE0002090
1.14.14.1,BE0003612
CYPIIIA7,BE0003612
Cytochrome P450-HFLA,BE0003612
2.4.1.17,BE0003677
GNT1,BE0003677
UDP-glucuronosyltransferase 1-C,BE0003677
UDP-glucuronosyltransferase 1A3,BE0003677
UDPGT 1-3,BE0003677
UGT-1C,BE0003677
UGT1,BE0003677
UGT1C,BE0003677
2.4.1.17,BE0003544
Bilirubin-specific UDPGT isozyme 2,BE0003544
GNT1,BE0003544
hUG-BR2,BE0003544
UDP-glucuronosyltransferase 1-D,BE0003544
UDP-glucuronosyltransferase 1A4,BE0003544
UDPGT 1-4,BE0003544
UGT-1D,BE0003544
UGT1,BE0003544
UGT1D,BE0003544
2.4.1.17,BE0004694
GNT1,BE0004694
Phenol-metabolizing UDP-glucuronosyltransferase,BE0004694
UDP-glucuronosyltransferase 1-F,BE0004694
UDP-glucuronosyltransferase 1A6,BE0004694
UDPGT 1-6,BE0004694
UGT-1F,BE0004694
UGT1,BE0004694
UGT1F,BE0004694
2.4.1.17,BE0004695
GNT1,BE0004695
UDP-glucuronosyltransferase 1-G,BE0004695
UDP-glucuronosyltransferase 1A7,BE0004695
UDPGT 1-7,BE0004695
UGT-1G,BE0004695
UGT1,BE0004695
UGT1G,BE0004695
2.4.1.17,BE0003682
GNT1,BE0003682
UDP-glucuronosyltransferase 1-H,BE0003682
UDP-glucuronosyltransferase 1A8,BE0003682
UDPGT 1-8,BE0003682
UGT-1H,BE0003682
UGT1,BE0003682
UGT1H,BE0003682
2.4.1.17,BE0003538
GNT1,BE0003538
lugP4,BE0003538
UDP-glucuronosyltransferase 1-I,BE0003538
UDP-glucuronosyltransferase 1A9,BE0003538
UDPGT 1-9,BE0003538
UGT-1I,BE0003538
UGT1,BE0003538
UGT1I,BE0003538
2.4.1.17,BE0003678
GNT1,BE0003678
UDP-glucuronosyltransferase 1-J,BE0003678
UDP-glucuronosyltransferase 1A10,BE0003678
UDPGT 1-10,BE0003678
UGT-1J,BE0003678
UGT1,BE0003678
UGT1J,BE0003678
2.4.1.17,BE0003679
"3,4-catechol estrogen-specific UDPGT",BE0003679
UDP-glucuronosyltransferase 2B9,BE0003679
UDPGT 2B7,BE0003679
UDPGT 2B9,BE0003679
UDPGTh-2,BE0003679
UGTB2B9,BE0003679
ACAT,BE0002705
Acyl-coenzyme A:cholesterol acyltransferase,BE0002705
Brain carboxylesterase hBr1,BE0002705
Carboxylesterase 1,BE0002705
CE-1,BE0002705
CES2,BE0002705
Cocaine carboxylesterase,BE0002705
Egasyn,BE0002705
hCE-1,BE0002705
HMSE,BE0002705
Methylumbelliferyl-acetate deacetylase 1,BE0002705
Monocyte/macrophage serine esterase,BE0002705
REH,BE0002705
Retinyl ester hydrolase,BE0002705
Serine esterase 1,BE0002705
SES1,BE0002705
TGH,BE0002705
Triacylglycerol hydrolase,BE0002705
3.1.1.2,BE0003562
2.7.1.74,BE0002804
dCK,BE0002804
2.3.1.5,BE0003608
AAC1,BE0003608
Arylamide acetylase 1,BE0003608
MNAT,BE0003608
Monomorphic arylamine N-acetyltransferase,BE0003608
N-acetyltransferase type 1,BE0003608
NAT-1,BE0003608
1.14.13.8,BE0003606
Dimethylaniline oxidase 3,BE0003606
FMO 3,BE0003606
FMO form 2,BE0003606
FMO II,BE0003606
Hepatic flavin-containing monooxygenase 3,BE0003606
Trimethylamine monooxygenase,BE0003606
2.3.1.5,BE0003607
AAC2,BE0003607
Arylamide acetylase 2,BE0003607
N-acetyltransferase type 2,BE0003607
NAT-2,BE0003607
PNAT,BE0003607
Polymorphic arylamine N-acetyltransferase,BE0003607
CYPXIB1,BE0000731
Cytochrome P-450c11,BE0000731
Cytochrome P450C11,BE0000731
S11BH,BE0000731
Steroid 11-beta-hydroxylase,BE0000731
3.3.2.9,BE0009565
EPHX,BE0009565
EPOX,BE0009565
Epoxide hydratase,BE0009565
mEH,BE0009565
Microsomal epoxide hydrolase,BE0009565
2.1.1.6,BE0002089
1.14.14.1,BE0009371
Cyp2c-6,BE0009371
CYPIIC6,BE0009371
Cytochrome P450 PB1,BE0009371
PTF2,BE0009371
1.14.14.1,BE0009372
Cyp2c,BE0009372
Cyp2c-11,BE0009372
CYPIIC11,BE0009372
Cytochrome P-450(M-1),BE0009372
Cytochrome P450-UT-2,BE0009372
Cytochrome P450-UT-A,BE0009372
Cytochrome P450H,BE0009372
3.4.22.40,BE0004697
BH,BE0004697
ALDOS,BE0003542
Aldosterone synthase,BE0003542
Aldosterone-synthesizing enzyme,BE0003542
CYPXIB2,BE0003542
Cytochrome P-450Aldo,BE0003542
Cytochrome P-450C18,BE0003542
Steroid 18-hydroxylase,BE0003542
2.4.1.17,BE0003681
HLUG25,BE0003681
Hyodeoxycholic acid-specific UDPGT,BE0003681
UDPGT 2B4,BE0003681
UDPGTh-1,BE0003681
UGT2B11,BE0003681
2.7.4.3,BE0004477
Adenylate monophosphate kinase,BE0004477
ADK2,BE0004477
AK 2,BE0004477
ATP-AMP transphosphorylase 2,BE0004477
ATP:AMP phosphotransferase,BE0004477
2.7.4.10,BE0004780
Adenylate kinase 3-like,BE0004780
AK 4,BE0004780
AK3,BE0004780
AK3L1,BE0004780
GTP:AMP phosphotransferase AK4,BE0004780
2.7.4.6,BE0009626
GAAD,BE0009626
Granzyme A-activated DNase,BE0009626
Metastasis inhibition factor nm23,BE0009626
NDK A,BE0009626
NDPKA,BE0009626
NM23,BE0009626
NM23-H1,BE0009626
Tumor metastatic process-associated protein,BE0009626
2.7.3.2,BE0009627
B-CK,BE0009627
CKBB,BE0009627
Creatine kinase B chain,BE0009627
2.8.2.1,BE0000927
Aryl sulfotransferase 1,BE0000927
HAST1/HAST2,BE0000927
P-PST 1,BE0000927
Phenol sulfotransferase 1,BE0000927
Phenol-sulfating phenol sulfotransferase 1,BE0000927
ST1A1,BE0000927
ST1A3,BE0000927
STP,BE0000927
STP1,BE0000927
Thermostable phenol sulfotransferase,BE0000927
Ts-PST,BE0000927
2.8.2.1,BE0004767
Aryl sulfotransferase 1A3/1A4,BE0004767
Catecholamine-sulfating phenol sulfotransferase,BE0004767
HAST3,BE0004767
M-PST,BE0004767
Monoamine-sulfating phenol sulfotransferase,BE0004767
Placental estrogen sulfotransferase,BE0004767
ST1A3,BE0004767
STM,BE0004767
Sulfotransferase 1A3/1A4,BE0004767
"Sulfotransferase, monoamine-preferring",BE0004767
Thermolabile phenol sulfotransferase,BE0004767
TL-PST,BE0004767
3.5.1.99,BE0002194
Anandamide amidohydrolase 1,BE0002194
FAAH1,BE0002194
Oleamide hydrolase 1,BE0002194
2.5.1.18,BE0000807
GST class-mu 1,BE0000807
GST HB subunit 4,BE0000807
GST1,BE0000807
GSTM1-1,BE0000807
GSTM1a-1a,BE0000807
GSTM1b-1b,BE0000807
GTH4,BE0000807
2.4.1.17,BE0009343
UDPGT 2B10,BE0009343
2.4.2.4,BE0002193
ECGF1,BE0002193
Gliostatin,BE0002193
PD-ECGF,BE0002193
Platelet-derived endothelial cell growth factor,BE0002193
TdRPase,BE0002193
TP,BE0002193
2.4.2.8,BE0000077
HGPRT,BE0000077
HPRT,BE0000077
3.1.1.7,BE0000426
AChE,BE0000426
CYP2B7,BE0001052
Cytochrome P450 2B7 short isoform,BE0001052
1.14.14.19,BE0000344
17-alpha-hydroxyprogesterone aldolase,BE0000344
CYP17,BE0000344
CYPXVII,BE0000344
Cytochrome P450 17A1,BE0000344
Cytochrome P450-C17,BE0000344
Cytochrome P450c17,BE0000344
S17AH,BE0000344
Steroid 17-alpha-monooxygenase,BE0000344
1.1.1.184,BE0003074
15-hydroxyprostaglandin dehydrogenase [NADP(+)],BE0003074
CBR,BE0003074
CRN,BE0003074
NADPH-dependent carbonyl reductase 1,BE0003074
Prostaglandin 9-ketoreductase,BE0003074
Prostaglandin-E(2) 9-reductase,BE0003074
SDR21C1,BE0003074
Short chain dehydrogenase/reductase family 21C member 1,BE0003074
Carboxylesterase 1A1,BE0004740
CES1A1,BE0004740
2.7.1.21,BE0001260
1.2.1.3,BE0000133
ALDH class 2,BE0000133
ALDH-E2,BE0000133
ALDHI,BE0000133
ALDM,BE0000133
2.1.1.67,BE0000987
Thiopurine methyltransferase,BE0000987
3.5.4.5,BE0002443
CDD,BE0002443
Cytidine aminohydrolase,BE0002443
2.3.1.28,BE0001542
CAT-III,BE0001542
Chloramphenicol acetyltransferase III,BE0001542
2.3.1.28,BE0001320
catB7,BE0001320
XAT,BE0001320
Xenobiotic acetyltransferase,BE0001320
2.7.1.-,BE0001493
CPT,BE0001493
3.6.3.44,BE0001032
ATP-binding cassette sub-family B member 1,BE0001032
MDR1,BE0001032
P-glycoprotein 1,BE0001032
PGY1,BE0001032
1.1.1.146,BE0000329
11-beta-HSD1,BE0000329
11-beta-hydroxysteroid dehydrogenase 1,BE0000329
11-DH,BE0000329
HSD11,BE0000329
HSD11L,BE0000329
SDR26C1,BE0000329
Short chain dehydrogenase/reductase family 26C member 1,BE0000329
1.1.1.-,BE0000126
20-alpha-HSD,BE0000126
20-alpha-hydroxysteroid dehydrogenase,BE0000126
Chlordecone reductase homolog HAKRC,BE0000126
DD1/DD2,BE0000126
DDH,BE0000126
DDH1,BE0000126
Dihydrodiol dehydrogenase 1/2,BE0000126
HBAB,BE0000126
High-affinity hepatic bile acid-binding protein,BE0000126
Indanol dehydrogenase,BE0000126
"Trans-1,2-dihydrobenzene-1,2-diol dehydrogenase",BE0000126
1.-.-.-,BE0000622
3-alpha-HSD3,BE0000622
Chlordecone reductase homolog HAKRD,BE0000622
DD-2,BE0000622
DD/BABP,BE0000622
DD2,BE0000622
DDH2,BE0000622
Dihydrodiol dehydrogenase 2,BE0000622
Dihydrodiol dehydrogenase/bile acid-binding protein,BE0000622
"Trans-1,2-dihydrobenzene-1,2-diol dehydrogenase",BE0000622
Type III 3-alpha-hydroxysteroid dehydrogenase,BE0000622
1.1.1.-,BE0000438
3-alpha-HSD1,BE0000438
3-alpha-hydroxysteroid dehydrogenase type I,BE0000438
CDR,BE0000438
CHDR,BE0000438
Chlordecone reductase,BE0000438
DD-4,BE0000438
DD4,BE0000438
Dihydrodiol dehydrogenase 4,BE0000438
HAKRA,BE0000438
"1,4-alpha-D-glucan glucanohydrolase",BE0002639
3.2.1.1,BE0002639
PA,BE0002639
2.4.1.17,BE0009758
Bilirubin-specific UDPGT isozyme 1,BE0009758
GNT1,BE0009758
hUG-BR1,BE0009758
UDP-glucuronosyltransferase 1-A,BE0009758
UDP-glucuronosyltransferase 1A1,BE0009758
UDPGT 1-1,BE0009758
UGT-1A,BE0009758
UGT1,BE0009758
UGT1A,BE0009758
1.2.7.1,BE0002674
POR,BE0002674
Pyruvate-ferredoxin oxidoreductase.,BE0002674
2.3.1.5,BE0004429
NAT,BE0004429
nhoA,BE0004429
tbnat,BE0004429
2.5.1.18,BE0000818
Glutathione transferase T1-1,BE0000818
GST class-theta-1,BE0000818
Metallothionein-IA,BE0004778
MT-1A,BE0004778
MT-IA,BE0004778
MT1S,BE0004778
CES1,BE0004779
Metallothionein-2A,BE0004779
Metallothionein-II,BE0004779
MT-2,BE0004779
MT-II,BE0004779
MT2,BE0004779
1.3.1.2,BE0000960
DHPDHase,BE0000960
Dihydrothymine dehydrogenase,BE0000960
Dihydrouracil dehydrogenase,BE0000960
2.4.2.3,BE0002456
UP,BE0002456
UPase 1,BE0002456
2.4.2.3,BE0002457
UPase 2,BE0002457
2.1.1.45,BE0000324
TS,BE0000324
UMP synthase,BE0004473
2.4.2.14,BE0000374
ATase,BE0000374
Glutamine phosphoribosylpyrophosphate amidotransferase,BE0000374
GPAT,BE0000374
1.14.17.1,BE0000138
Dopamine beta-monooxygenase,BE0000138
1.1.1.44,BE0003559
PGDH,BE0003559
6.3.2.17,BE0000700
Folylpoly-gamma-glutamate synthetase,BE0000700
FPGS,BE0000700
Tetrahydrofolate synthase,BE0000700
Tetrahydrofolylpolyglutamate synthase,BE0000700
PURH,BE0001240
2.7.4.8,BE0002351
GMK,BE0002351
GMP kinase,BE0002351
2.7.1.21,BE0000514
UL23,BE0000514
3.1.1.4,BE0001640
GIIC sPLA2,BE0001640
Group IIA phospholipase A2,BE0001640
Non-pancreatic secretory phospholipase A2,BE0001640
NPS-PLA2,BE0001640
Phosphatidylcholine 2-acylhydrolase 2A,BE0001640
PLA2B,BE0001640
PLA2L,BE0001640
RASF-A,BE0001640
1.4.3.22,BE0000351
ABP1,BE0000351
Amiloride-binding protein 1,BE0000351
Amine oxidase copper domain-containing protein 1,BE0000351
DAO,BE0000351
DAO1,BE0000351
Histaminase,BE0000351
KAO,BE0000351
Kidney amine oxidase,BE0000351
1.4.3.22,BE0004667
ABP1,BE0004667
Amiloride-binding protein 1,BE0004667
Amine oxidase copper domain-containing protein 1,BE0004667
DAO,BE0004667
Histaminase,BE0004667
3 beta-hydroxysteroid dehydrogenase/Delta 5-->4-isomerase type II,BE0000059
3-beta-HSD adrenal and gonadal type,BE0000059
3-beta-HSD II,BE0000059
HSDB3B,BE0000059
1.14.14.1,BE0004760
Cyp3a-1,BE0004760
CYPIIIA1,BE0004760
Cytochrome P450-PCN1,BE0004760
1.14.14.1,BE0003550
ENT1,BE0001204
Equilibrative NBMPR-sensitive nucleoside transporter,BE0001204
Equilibrative nitrobenzylmercaptopurine riboside-sensitive nucleoside transporter,BE0001204
"Nucleoside transporter, es-type",BE0001204
Solute carrier family 29 member 1,BE0001204
1.4.3.4,BE0004909
MAO-A,BE0004909
Monoamine oxidase type A,BE0004909
2.8.2.14,BE0000886
Dehydroepiandrosterone sulfotransferase,BE0000886
DHEA-ST,BE0000886
HST,BE0000886
Hydroxysteroid Sulfotransferase,BE0000886
ST2,BE0000886
ST2A1,BE0000886
ST2A3,BE0000886
STD,BE0000886
Sulfotransferase 2A1,BE0000886
2.4.1.17,BE0003680
C19-steroid-specific UDP-glucuronosyltransferase,BE0003680
C19-steroid-specific UDPGT,BE0003680
UDPGT 2B17,BE0003680
2.8.2.4,BE0000951
EST-1,BE0000951
ST1E1,BE0000951
STE,BE0000951
Sulfotransferase 1E1,BE0000951
"Sulfotransferase, estrogen-preferring",BE0000951
2.3.1.-,BE0002566
AAC(2')-Ic,BE0002566
1.1.1.-,BE0000131
11-beta-HSD,BE0000131
11-beta-HSD type II,BE0000131
11-beta-HSD2,BE0000131
11-beta-hydroxysteroid dehydrogenase type 2,BE0000131
11-beta-hydroxysteroid dehydrogenase type II,BE0000131
11-DH2,BE0000131
11-HSD type II,BE0000131
HSD11K,BE0000131
NAD-dependent 11-beta-hydroxysteroid dehydrogenase,BE0000131
SDR9C3,BE0000131
Short chain dehydrogenase/reductase family 9C member 3,BE0000131
3.1.1.-,BE0009693
2.7.4.14,BE0000637
CK,BE0000637
CMK,BE0000637
CMPK,BE0000637
dCMP kinase,BE0000637
Deoxycytidylate kinase,BE0000637
Nucleoside-diphosphate kinase,BE0000637
UCK,BE0000637
UMK,BE0000637
UMP/CMP kinase,BE0000637
UMP/CMPK,BE0000637
UMPK,BE0000637
Uridine monophosphate/cytidine monophosphate kinase,BE0000637
2.7.2.3,BE0004454
Cell migration-inducing gene 10 protein,BE0004454
PGKA,BE0004454
Primer recognition protein 2,BE0004454
PRP 2,BE0004454
2.7.4.6,BE0003106
GAAD,BE0003106
Granzyme A-activated DNase,BE0003106
Metastasis inhibition factor nm23,BE0003106
NDK A,BE0003106
NDPKA,BE0003106
NM23,BE0003106
NM23-H1,BE0003106
Tumor metastatic process-associated protein,BE0003106
2.7.4.6,BE0003281
C-myc purine-binding transcription factor PUF,BE0003281
Histidine protein kinase NDKB,BE0003281
NDK B,BE0003281
nm23-H2,BE0003281
NM23B,BE0003281
2.7.7.15,BE0000615
CCT A,BE0000615
CCT-alpha,BE0000615
CT A,BE0000615
CTP:phosphocholine cytidylyltransferase A,BE0000615
CTPCT,BE0000615
PCYT1,BE0000615
Phosphorylcholine transferase A,BE0000615
2.7.7.14,BE0004773
CTP:phosphoethanolamine cytidylyltransferase,BE0004773
Phosphorylethanolamine transferase,BE0004773
3.1.3.-,BE0004774
"Cytosolic 5',3'-pyrimidine nucleotidase",BE0004774
Deoxy-5'-nucleotidase 1,BE0004774
dNT-1,BE0004774
DNT1,BE0004774
UMPH2,BE0004774
2.8.2.1,BE0009673
Aryl sulfotransferase 2,BE0009673
P-PST 2,BE0009673
Phenol sulfotransferase 2,BE0009673
Phenol-sulfating phenol sulfotransferase 2,BE0009673
ST1A2,BE0009673
STP2,BE0009673
2.8.2.-,BE0002561
ST1B1,BE0002561
ST1B2,BE0002561
Sulfotransferase 1B2,BE0002561
SULT1B2,BE0002561
Thyroid hormone sulfotransferase,BE0002561
1.3.1.22,BE0004887
S5AR 1,BE0004887
SR type 1,BE0004887
Steroid 5-alpha-reductase 1,BE0004887
1.3.1.3,BE0003610
Aldo-keto reductase family 1 member D1,BE0003610
Delta(4)-3-ketosteroid 5-beta-reductase,BE0003610
Delta(4)-3-oxosteroid 5-beta-reductase,BE0003610
SRD5B1,BE0003610
1.3.1.22,BE0000585
5 alpha-SR2,BE0000585
S5AR 2,BE0000585
SR type 2,BE0000585
Steroid 5-alpha-reductase 2,BE0000585
Type II 5-alpha reductase,BE0000585
EC 1.1.1.67,BE0002615
1.6.5.3,BE0000503
MTND1,BE0000503
NADH dehydrogenase subunit 1,BE0000503
NADH1,BE0000503
ND1,BE0000503
3.5.2.6,BE0001274
Beta-lactamase PSE-2,BE0001274
oxa10,BE0001274
pse2,BE0001274
3.1.1.84,BE0004712
Carboxylesterase 2,BE0004712
CE-2,BE0004712
hCE-2,BE0004712
ICE,BE0004712
Methylumbelliferyl-acetate deacetylase 2,BE0004712
1.-.-.-,BE0000592
17-beta-HSD 5,BE0000592
17-beta-hydroxysteroid dehydrogenase type 5,BE0000592
3-alpha-HSD type 2,BE0000592
"3-alpha-HSD type II, brain",BE0000592
3-alpha-hydroxysteroid dehydrogenase type 2,BE0000592
Chlordecone reductase homolog HAKRb,BE0000592
DD-3,BE0000592
DD3,BE0000592
DDH1,BE0000592
Dihydrodiol dehydrogenase 3,BE0000592
Dihydrodiol dehydrogenase type I,BE0000592
HA1753,BE0000592
HSD17B5,BE0000592
Indanol dehydrogenase,BE0000592
KIAA0119,BE0000592
PGFS,BE0000592
Prostaglandin F synthase,BE0000592
Testosterone 17-beta-dehydrogenase 5,BE0000592
"Trans-1,2-dihydrobenzene-1,2-diol dehydrogenase",BE0000592
1.1.1.184,BE0004771
NADPH-dependent carbonyl reductase 3,BE0004771
Short chain dehydrogenase/reductase family 21C member 2,BE0004771
2.7.1.21,BE0000458
UL23,BE0000458
2.7.1.40,BE0009686
PK1,BE0009686
PKL,BE0009686
Pyruvate kinase 1,BE0009686
Pyruvate kinase isozymes L/R,BE0009686
R-type/L-type pyruvate kinase,BE0009686
Red cell/liver pyruvate kinase,BE0009686
2.7.2.3,BE0009688
Cell migration-inducing gene 10 protein,BE0009688
PGKA,BE0009688
Primer recognition protein 2,BE0009688
PRP 2,BE0009688
6.2.1.5,BE0009689
ATP-specific succinyl-CoA synthetase subunit beta,BE0009689
Renal carcinoma antigen NY-REN-39,BE0009689
SCS-betaA,BE0009689
Succinyl-CoA synthetase beta-A chain,BE0009689
4.1.1.32,BE0009690
PEPCK-M,BE0009690
PEPCK2,BE0009690
6.3.4.4,BE0009692
"Adenylosuccinate synthetase, basic isozyme",BE0009692
"Adenylosuccinate synthetase, muscle isozyme",BE0009692
ADSS1,BE0009692
AMPSase 1,BE0009692
IMP--aspartate ligase 1,BE0009692
M-type adenylosuccinate synthetase,BE0009692
3.1.3.5,BE0000261
Cytosolic 5'-nucleotidase II,BE0000261
NT5B,BE0000261
NT5CP,BE0000261
PNT5,BE0000261
1.14.14.1,BE0004764
Cyp2b-1,BE0004764
CYPIIB1,BE0004764
Cytochrome P450-B,BE0004764
Cytochrome P450-LM2,BE0004764
Cytochrome P450-PB1,BE0004764
Cytochrome P450-PB2,BE0004764
Cytochrome P450b,BE0004764
1.14.14.1,BE0004761
Cyp3a-2,BE0004761
Cyp3a11,BE0004761
CYPIIIA2,BE0004761
Cytochrome P450-PCN2,BE0004761
Cytochrome P450/6-beta-A,BE0004761
Testosterone 6-beta-hydroxylase,BE0004761
3.1.1.2,BE0000930
A-esterase 1,BE0000930
Aromatic esterase 1,BE0000930
K-45,BE0000930
PON,BE0000930
PON 1,BE0000930
Serum aryldialkylphosphatase 1,BE0000930
1.1.1.1,BE0000465
ADH3,BE0000465
Alcohol dehydrogenase subunit gamma,BE0000465
1.1.1.-,BE0009795
20-alpha-HSD,BE0009795
20-alpha-hydroxysteroid dehydrogenase,BE0009795
Chlordecone reductase homolog HAKRC,BE0009795
DD1/DD2,BE0009795
DDH,BE0009795
DDH1,BE0009795
Dihydrodiol dehydrogenase 1/2,BE0009795
HBAB,BE0009795
High-affinity hepatic bile acid-binding protein,BE0009795
Indanol dehydrogenase,BE0009795
"Trans-1,2-dihydrobenzene-1,2-diol dehydrogenase",BE0009795
1.1.1.146,BE0009796
11-beta-HSD1,BE0009796
11-beta-hydroxysteroid dehydrogenase 1,BE0009796
11-DH,BE0009796
HSD11,BE0009796
HSD11L,BE0009796
SDR26C1,BE0009796
Short chain dehydrogenase/reductase family 26C member 1,BE0009796
3.1.3.5,BE0001096
5'-NT,BE0001096
Ecto-5'-nucleotidase,BE0001096
NT5,BE0001096
NTE,BE0001096
3.5.4.12,BE0004700
dCMP deaminase,BE0004700
3.6.1.9,BE0009809
MTH2,BE0009809
MutT homolog 2,BE0009809
Nucleoside diphosphate-linked moiety X motif 15,BE0009809
Nucleoside diphosphate-linked to another moiety X hydrolase 15,BE0009809
Nudix hydrolase 15,BE0009809
Nudix motif 15,BE0009809
1.1.1.205,BE0000761
IMP dehydrogenase 1,BE0000761
IMPD1,BE0000761
IMPDH-I,BE0000761
1.1.1.205,BE0000722
IMP dehydrogenase 2,BE0000722
IMPD2,BE0000722
IMPDH-II,BE0000722
3.6.1.19,BE0004443
C20orf37,BE0004443
ITPase,BE0004443
Non-canonical purine NTP pyrophosphatase,BE0004443
Non-standard purine NTP pyrophosphatase,BE0004443
NTPase,BE0004443
Nucleoside-triphosphate diphosphatase,BE0004443
Nucleoside-triphosphate pyrophosphatase,BE0004443
Putative oncogene protein hlc14-06-p,BE0004443
1.14.13.39,BE0000067
bNOS,BE0000067
Constitutive NOS,BE0000067
N-NOS,BE0000067
NC-NOS,BE0000067
Neuronal NOS,BE0000067
nNOS,BE0000067
NOS type I,BE0000067
Peptidyl-cysteine S-nitrosylase NOS1,BE0000067
1.14.13.39,BE0000005
HEP-NOS,BE0000005
Hepatocyte NOS,BE0000005
Inducible NO synthase,BE0000005
Inducible NOS,BE0000005
iNOS,BE0000005
NOS type II,BE0000005
NOS2A,BE0000005
Peptidyl-cysteine S-nitrosylase NOS2,BE0000005
1.14.13.39,BE0000263
cNOS,BE0000263
Constitutive NOS,BE0000263
EC-NOS,BE0000263
Endothelial NOS,BE0000263
eNOS,BE0000263
NOS type III,BE0000263
NOSIII,BE0000263
1.6.5.3,BE0000729
CI-49kD,BE0000729
Complex I-49kD,BE0000729
NADH-ubiquinone oxidoreductase 49 kDa subunit,BE0000729
1.6.5.3,BE0000191
CI-30kD,BE0000191
Complex I-30kD,BE0000191
NADH-ubiquinone oxidoreductase 30 kDa subunit,BE0000191
1.6.5.3,BE0000307
CI-20kD,BE0000307
Complex I-20kD,BE0000307
NADH-ubiquinone oxidoreductase 20 kDa subunit,BE0000307
PSST subunit,BE0000307
2.5.1.18,BE0002290
GST2,BE0002290
Microsomal GST-2,BE0002290
Microsomal GST-II,BE0002290
1.7.1.6,BE0000638
1.14.14.1,BE0004729
CYPIVF12,BE0004729
1.14.13.194,BE0004727
20-HETE synthase,BE0004727
20-hydroxyeicosatetraenoic acid synthase,BE0004727
Arachidonic acid omega-hydroxylase,BE0004727
CYPIVF2,BE0004727
Cytochrome P450 4F2,BE0004727
Cytochrome P450-LTB-omega,BE0004727
Leukotriene-B(4) 20-monooxygenase 1,BE0004727
Leukotriene-B(4) omega-hydroxylase 1,BE0004727
1.1.1.21,BE0000747
Aldehyde reductase,BE0000747
Aldo-keto reductase family 1 member B1,BE0000747
ALDR1,BE0000747
AR,BE0000747
3.5.2.6,BE0003894
IRT-4,BE0003894
Penicillinase,BE0003894
TEM-1,BE0003894
TEM-16/CAZ-7,BE0003894
TEM-2,BE0003894
TEM-24/CAZ-6,BE0003894
TEM-3,BE0003894
TEM-4,BE0003894
TEM-5,BE0003894
TEM-6,BE0003894
TEM-8/CAZ-2,BE0003894
3.5.2.6,BE0001426
Beta-lactamase II,BE0001426
Cephalosporinase,BE0001426
Penicillinase,BE0001426
2.1.1.4,BE0003553
HIOMT,BE0003553
Hydroxyindole O-methyltransferase,BE0003553
2.1.1.8,BE0002436
HMT,BE0002436
3.2.1.166,BE0001064
Endo-glucoronidase,BE0001064
HEP,BE0001064
Heparanase-1,BE0001064
HPA,BE0001064
HPA1,BE0001064
HPR1,BE0001064
HPSE1,BE0001064
HSE1,BE0001064
1.14.13.70,BE0000875
CYP51,BE0000875
CYPLI,BE0000875
Cytochrome P450 51A1,BE0000875
Cytochrome P450-14DM,BE0000875
Cytochrome P45014DM,BE0000875
Cytochrome P450LI,BE0000875
LDM,BE0000875
Sterol 14-alpha demethylase,BE0000875
3.1.6.8,BE0003195
ASA,BE0003195
Cerebroside-sulfatase,BE0003195
2.7.7.-,BE0003547
kan,BE0003547
Neo(R),BE0003547
2.7.1.95,BE0003548
APH(3')-I,BE0003548
APH(3')I,BE0003548
"Kanamycin kinase, type I",BE0003548
Neomycin-kanamycin phosphotransferase type I,BE0003548
nptI,BE0003548
3.4.14.5,BE0000854
ADABP,BE0000854
ADCP-2,BE0000854
ADCP2,BE0000854
Adenosine deaminase complexing protein 2,BE0000854
CD26,BE0000854
Dipeptidyl peptidase IV,BE0000854
DPP IV,BE0000854
T-cell activation antigen CD26,BE0000854
TP103,BE0000854
2.7.1.113,BE0003589
DGK,BE0003589
3.5.2.6,BE0001482
blaP,BE0001482
Penicillinase,BE0001482
1.4.3.21,BE0001222
2-phenylethylamine oxidase,BE0001222
Copper amine oxidase,BE0001222
maoA,BE0001222
Tyramine oxidase,BE0001222
4.2.1.1,BE0000267
CA-I,BE0000267
CAB,BE0000267
Carbonate dehydratase I,BE0000267
Carbonic anhydrase B,BE0000267
Carbonic anhydrase I,BE0000267
3.4.13.19,BE0001148
Dehydropeptidase-I,BE0001148
hRDP,BE0001148
MDP,BE0001148
Microsomal dipeptidase,BE0001148
RDP,BE0001148
Renal dipeptidase,BE0001148
3.5.2.6,BE0002015
PIT-2,BE0002015
shv1,BE0002015
3.5.2.6,BE0002831
3.5.2.6,BE0009747
bla,BE0009747
blaKPC,BE0009747
blaKPC-2,BE0009747
kpc2,BE0009747
1.14.14.1,BE0009369
Cyp1a-1,BE0009369
CYP1A1,BE0009369
CYPIA1,BE0009369
Cytochrome P450-C,BE0009369
Cytochrome P450MT2,BE0009369
1.1.1.62,BE0000194
17-beta-HSD 1,BE0000194
17-beta-hydroxysteroid dehydrogenase type 1,BE0000194
20 alpha-hydroxysteroid dehydrogenase,BE0000194
20-alpha-HSD,BE0000194
E17KSR,BE0000194
E2DH,BE0000194
EDH17B1,BE0000194
EDH17B2,BE0000194
EDHB17,BE0000194
Placental 17-beta-hydroxysteroid dehydrogenase,BE0000194
SDR28C1,BE0000194
Short chain dehydrogenase/reductase family 28C member 1,BE0000194
2.8.2.2,BE0001264
Alcohol sulfotransferase,BE0001264
HSST2,BE0001264
Hydroxysteroid sulfotransferase 2,BE0001264
ST2B1,BE0001264
3 beta-hydroxysteroid dehydrogenase/Delta 5-->4-isomerase type I,BE0000051
3-beta-HSD I,BE0000051
3BH,BE0000051
HSDB3A,BE0000051
Trophoblast antigen FDO161G,BE0000051
1.1.3.6,BE0001230
CHOD,BE0001230
Cholesterol isomerase,BE0001230
2.7.1.1,BE0001108
Brain form hexokinase,BE0001108
Hexokinase type I,BE0001108
HK I,BE0001108
2.7.1.2,BE0001056
Hexokinase type IV,BE0001056
Hexokinase-4,BE0001056
Hexokinase-D,BE0001056
HK IV,BE0001056
HK4,BE0001056
2.3.1.65,BE0002303
BACAT,BE0002303
Glycine N-choloyltransferase,BE0002303
Long-chain fatty-acyl-CoA hydrolase,BE0002303
4.1.1.7,BE0001286
BFD,BE0001286
1.2.3.3,BE0001354
POX,BE0001354
Pyruvic oxidase,BE0001354
1.4.3.5,BE0000181
Pyridoxamine-phosphate oxidase,BE0000181
6.3.1.5,BE0001332
efg,BE0001332
NADS,BE0001332
Nicotinamide adenine dinucleotide synthetase,BE0001332
Nitrogen regulatory protein,BE0001332
ntrL,BE0001332
2.4.1.17,BE0008629
Bilirubin-specific UDPGT isozyme 2,BE0008629
GNT1,BE0008629
hUG-BR2,BE0008629
UDP-glucuronosyltransferase 1-D,BE0008629
UDP-glucuronosyltransferase 1A4,BE0008629
UDPGT 1-4,BE0008629
UGT-1D,BE0008629
UGT1,BE0008629
UGT1D,BE0008629
hOAT1,BE0001066
hPAHT,BE0001066
hROAT1,BE0001066
OAT1,BE0001066
Organic anion transporter 1,BE0001066
PAH transporter,BE0001066
PAHT,BE0001066
Renal organic anion transporter 1,BE0001066
hOAT3,BE0003645
OAT3,BE0003645
Organic anion transporter 3,BE0003645
Liver-specific organic anion transporter 2,BE0003659
LST-2,BE0003659
LST2,BE0003659
OATP-8,BE0003659
OATP1B3,BE0003659
OATP8,BE0003659
Organic anion transporter 8,BE0003659
Organic anion-transporting polypeptide 8,BE0003659
SLC21A8,BE0003659
Solute carrier family 21 member 8,BE0003659
1.-.-.-,BE0009325
F420H(2)-dependent quinone reductase Ddn,BE0009325
Fqr,BE0009325
1.11.1.8,BE0000507
TPO,BE0000507
1.1.1.263,BE0009802
AF reductase,BE0009802
AKR1CL2,BE0009802
AKRDC1,BE0009802
Aldo-keto reductase family 1 member C-like protein 2,BE0009802
Aldo-keto reductase family 1 member E2,BE0009802
htAKR,BE0009802
hTSP,BE0009802
LoopADR,BE0009802
Testis aldo-keto reductase,BE0009802
Testis-specific protein,BE0009802
1.1.1.-,BE0004353
AKR1B11,BE0004353
Aldose reductase-like,BE0004353
Aldose reductase-related protein,BE0004353
ARL-1,BE0004353
ARP,BE0004353
hARP,BE0004353
SI reductase,BE0004353
Small intestine reductase,BE0004353
4.6.1.2,BE0003578
GCS-alpha-2,BE0003578
GUC1A2,BE0003578
GUCSA2,BE0003578
1.3.1.22,BE0000539
S5AR 1,BE0000539
SR type 1,BE0000539
Steroid 5-alpha-reductase 1,BE0000539
1.18.1.2,BE0009560
3.4.24.11,BE0000266
Atriopeptidase,BE0000266
CALLA,BE0000266
Common acute lymphocytic leukemia antigen,BE0000266
Enkephalinase,BE0000266
EPN,BE0000266
NEP,BE0000266
Neutral endopeptidase,BE0000266
Neutral endopeptidase 24.11,BE0000266
SFE,BE0000266
Skin fibroblast elastase,BE0000266
1.10.5.1,BE0000220
NMOR2,BE0000220
NRH dehydrogenase [quinone] 2,BE0000220
NRH:quinone oxidoreductase 2,BE0000220
QR2,BE0000220
Quinone reductase 2,BE0000220
3.1.6.2,BE0001197
ARSC1,BE0001197
Arylsulfatase C,BE0001197
ASC,BE0001197
Steroid sulfatase,BE0001197
Steryl-sulfate sulfohydrolase,BE0001197
1.13.11.63,BE0009340
BCDO,BE0009340
BCDO1,BE0009340
BCMO1,BE0009340
Beta-carotene dioxygenase 1,BE0009340
Beta-carotene oxygenase 1,BE0009340
4.2.1.3,BE0005210
Aconitase,BE0005210
Citrate hydro-lyase,BE0005210
Ferritin repressor protein,BE0005210
IRE-BP 1,BE0005210
IREB1,BE0005210
Iron regulatory protein 1,BE0005210
Iron-responsive element-binding protein 1,BE0005210
IRP1,BE0005210
3.2.1.50,BE0000391
N-acetyl-alpha-glucosaminidase,BE0000391
NAG,BE0000391
UFHSD1,BE0000391
3.4.11.2,BE0001078
Alanyl aminopeptidase,BE0001078
Aminopeptidase M,BE0001078
AP-M,BE0001078
AP-N,BE0001078
APN,BE0001078
CD13,BE0001078
gp150,BE0001078
Microsomal aminopeptidase,BE0001078
Myeloid plasma membrane glycoprotein CD13,BE0001078
PEPN,BE0001078
5.4.2.2,BE0004461
Glucose phosphomutase 1,BE0004461
PGM 1,BE0004461
1.14.16.1,BE0000753
PAH,BE0000753
Phe-4-monooxygenase,BE0000753
1.4.3.13,BE0008684
Lysyl oxidase,BE0008684
1.9.3.1,BE0000335
COI,BE0000335
COXI,BE0000335
Cytochrome c oxidase polypeptide I,BE0000335
MTCO1,BE0000335
1.15.1.1,BE0004453
3.4.24.82,BE0004687
ADAM-TS 4,BE0004687
ADMP-1,BE0004687
Aggrecanase-1,BE0004687
KIAA0688,BE0004687
1.14.14.1,BE0004762
Cyp2a-1,BE0004762
CYPIIA1,BE0004762
Cytochrome P450-UT-F,BE0004762
Steroid hormones 7-alpha-hydroxylase,BE0004762
Testosterone 7-alpha-hydroxylase,BE0004762
1.14.14.1,BE0004763
Cyp2a-2,BE0004763
CYPIIA2,BE0004763
Cytochrome P450-UT-4,BE0004763
Testosterone 15-alpha-hydroxylase,BE0004763
1.14.14.1,BE0004765
Cyp2b-2,BE0004765
CYPIIB2,BE0004765
Cytochrome P450 PB4,BE0004765
Cytochrome P450E,BE0004765
1.14.14.1,BE0004766
Cyp2b-9,BE0004766
CYPIIB9,BE0004766
Cytochrome P450 clone PF26,BE0004766
Cytochrome P450-16-alpha,BE0004766
Rip,BE0004766
Testosterone 16-alpha hydroxylase,BE0004766
2.7.1.91,BE0004728
SK 1,BE0004728
SPHK,BE0004728
SPK,BE0004728
3.1.1.3,BE0000683
PL,BE0000683
3.4.16.5,BE0008657
Carboxypeptidase C,BE0008657
Carboxypeptidase L,BE0008657
Cathepsin A,BE0008657
PPCA,BE0008657
PPGB,BE0008657
Protective protein cathepsin A,BE0008657
Protective protein for beta-galactosidase,BE0008657
3.-.-.-,BE0001473
Adenosine 5'-monophosphoramidase,BE0001473
HINT,BE0001473
PKCI-1,BE0001473
PKCI1,BE0001473
PRKCNH1,BE0001473
Protein kinase C inhibitor 1,BE0001473
Protein kinase C-interacting protein 1,BE0001473
3.6.3.14,BE0003841
ATPMB,BE0003841
ATPSB,BE0003841
2.3.1.20,BE0008719
Acyl-CoA retinol O-fatty-acyltransferase,BE0008719
ARAT,BE0008719
Diglyceride acyltransferase 2,BE0008719
Retinol O-fatty-acyltransferase,BE0008719
3.1.4.4,BE0002181
Choline phosphatase 1,BE0002181
Phosphatidylcholine-hydrolyzing phospholipase D1,BE0002181
PLD 1,BE0002181
Serotonin N-acetyltransferase,BE0009154
1.13.11.33,BE0000309
12-LOX,BE0000309
12/15-lipoxygenase,BE0000309
15-LOX,BE0000309
"Arachidonate 12-lipoxygenase, leukocyte-type",BE0000309
Arachidonate omega-6 lipoxygenase,BE0000309
LOG15,BE0000309
1.6.5.5,BE0001185
NADPH:quinone reductase,BE0001185
Zeta-crystallin,BE0001185
1.2.1.24,BE0000152
Aldehyde dehydrogenase family 5 member A1,BE0000152
NAD(+)-dependent succinic semialdehyde dehydrogenase,BE0000152
SSADH,BE0000152
1.1.99.24,BE0008675
ADHFe1,BE0008675
Alcohol dehydrogenase iron-containing protein 1,BE0008675
Fe-containing alcohol dehydrogenase,BE0008675
HOT,BE0008675
1.21.99.4,BE0009854
5DI,BE0009854
DIOI,BE0009854
ITDI1,BE0009854
TXDI1,BE0009854
Type 1 DI,BE0009854
Type-I 5'-deiodinase,BE0009854
1.21.99.4,BE0009855
5DII,BE0009855
DIOII,BE0009855
ITDI2,BE0009855
TXDI2,BE0009855
Type 2 DI,BE0009855
Type-II 5'-deiodinase,BE0009855
1.21.99.3,BE0009333
5DIII,BE0009333
DIOIII,BE0009333
ITDI3,BE0009333
TXDI3,BE0009333
Type 3 DI,BE0009333
Type III iodothyronine deiodinase,BE0009333
2.8.2.-,BE0009763
humSULTC2,BE0009763
ST1C2,BE0009763
Sulfotransferase 1C1,BE0009763
SULT1C#1,BE0009763
SULT1C1,BE0009763
1.8.1.7,BE0000648
GLUR,BE0000648
GR,BE0000648
GRD1,BE0000648
1.11.1.6,BE0001207
1.14.18.1,BE0000252
LB24-AB,BE0000252
Monophenol monooxygenase,BE0000252
SK29-AB,BE0000252
Tumor rejection antigen AB,BE0000252
PAM,BE0002200
3.1.27.-,BE0001181
Ribonuclease 5,BE0001181
RNase 5,BE0001181
RNASE5,BE0001181
ALTPRP,BE0001105
ASCR,BE0001105
PRIP,BE0001105
PRP,BE0001105
PrP27-30,BE0001105
PrP33-35C,BE0001105
1.11.1.9,BE0000816
Cellular glutathione peroxidase,BE0000816
GPx-1,BE0000816
1.11.1.15,BE0005844
Natural killer cell-enhancing factor A,BE0005844
NKEF-A,BE0005844
PAG,BE0005844
PAGA,BE0005844
PAGB,BE0005844
Proliferation-associated gene protein,BE0005844
TDPX2,BE0005844
Thioredoxin peroxidase 2,BE0005844
Thioredoxin-dependent peroxide reductase 2,BE0005844
1.11.1.15,BE0000907
ACR1,BE0000907
Alu corepressor 1,BE0000907
Antioxidant enzyme B166,BE0000907
AOEB166,BE0000907
Liver tissue 2D-page spot 71B,BE0000907
Peroxiredoxin V,BE0000907
Peroxisomal antioxidant enzyme,BE0000907
PLP,BE0000907
Prx-V,BE0000907
Thioredoxin peroxidase PMP20,BE0000907
Thioredoxin reductase,BE0000907
TPx type VI,BE0000907
1.5.1.30,BE0000595
Biliverdin reductase B,BE0000595
Biliverdin-IX beta-reductase,BE0000595
BVR-B,BE0000595
FLR,BE0000595
FR,BE0000595
GHBP,BE0000595
Green heme-binding protein,BE0000595
NADPH-dependent diaphorase,BE0000595
NADPH-flavin reductase,BE0000595
2.8.2.22,BE0003785
Aryl sulfotransferase AssT,BE0003785
1.1.1.34,BE0000574
HMG-CoA reductase,BE0000574
3.1.4.35,BE0000182
CGB-PDE,BE0000182
cGMP-binding cGMP-specific phosphodiesterase,BE0000182
PDE5,BE0000182
2.7.4.3,BE0001262
Adenylate monophosphate kinase,BE0001262
AK 1,BE0001262
ATP-AMP transphosphorylase 1,BE0001262
ATP:AMP phosphotransferase,BE0001262
Myokinase,BE0001262
3.2.1.31,BE0000972
Beta-G1,BE0000972
3.2.1.52,BE0001153
Beta-N-acetylhexosaminidase subunit beta,BE0001153
Cervical cancer proto-oncogene 7 protein,BE0001153
HCC-7,BE0001153
Hexosaminidase subunit B,BE0001153
N-acetyl-beta-glucosaminidase subunit beta,BE0001153
3.1.6.4,BE0000883
Chondroitinase,BE0000883
Chondroitinsulfatase,BE0000883
Galactose-6-sulfate sulfatase,BE0000883
GalN6S,BE0000883
GalNAc6S sulfatase,BE0000883
N-acetylgalactosamine-6-sulfate sulfatase,BE0000883
3.1.6.13,BE0009328
Alpha-L-iduronate sulfate sulfatase,BE0009328
Idursulfase,BE0009328
SIDS,BE0009328
3.2.1.76,BE0009329
3.1.6.12,BE0009330
ASB,BE0009330
G4S,BE0009330
N-acetylgalactosamine-4-sulfatase,BE0009330
3.4.21.-,BE0008643
NARC-1,BE0008643
NARC1,BE0008643
Neural apoptosis-regulated convertase 1,BE0008643
PC9,BE0008643
Proprotein convertase 9,BE0008643
Subtilisin/kexin-like protease PC9,BE0008643
3.1.3.1,BE0000896
Alkaline phosphatase Nagao isozyme,BE0000896
ALP-1,BE0000896
ALPPL,BE0000896
GCAP,BE0000896
Germ cell alkaline phosphatase,BE0000896
Placental alkaline phosphatase-like,BE0000896
PLAP-like,BE0000896
"2,3-diketo-5-methylthio-1-phosphopentane phosphatase",BE0004122
3.1.3.77,BE0004122
MASA,BE0004122
MASA homolog,BE0004122
2-phospho-D-glycerate hydro-lyase,BE0009701
2-phosphoglycerate dehydratase,BE0009701
4.2.1.11,BE0009701
2-phospho-D-glycerate hydro-lyase,BE0009702
2-phosphoglycerate dehydratase,BE0009702
4.2.1.11,BE0009702
2-phospho-D-glycerate hydro-lyase,BE0009703
2-phosphoglycerate dehydratase,BE0009703
4.2.1.11,BE0009703
2-phospho-D-glycerate hydro-lyase,BE0009704
2-phosphoglycerate dehydratase,BE0009704
4.2.1.11,BE0009704
2.3.1.1,BE0002274
Amino-acid acetyltransferase,BE0002274
1.14.19.-,BE0000888
D5D,BE0000888
Delta-5 desaturase,BE0000888
Delta(5) desaturase,BE0000888
Delta(5) fatty acid desaturase,BE0000888
FADSD5,BE0000888
2.3.1.199,BE0002247
3-keto acyl-CoA synthase ELOVL4,BE0002247
ELOVL FA elongase 4,BE0002247
ELOVL fatty acid elongase 4,BE0002247
Very long chain 3-ketoacyl-CoA synthase 4,BE0002247
Very long chain 3-oxoacyl-CoA synthase 4,BE0002247
1.3.3.6,BE0004135
ACOX,BE0004135
AOX,BE0004135
Palmitoyl-CoA oxidase,BE0004135
SCOX,BE0004135
Straight-chain acyl-CoA oxidase,BE0004135
1.17.4.4,BE0000713
"Vitamin K1 2,3-epoxide reductase subunit 1",BE0000713
VKOR,BE0000713
IGHEP1,BE0009080
Inter-alpha-trypsin inhibitor complex component III,BE0009080
ITI heavy chain H1,BE0009080
Serum-derived hyaluronan-associated protein,BE0009080
SHAP,BE0009080
4.1.1.32,BE0000906
PEPCK-C,BE0000906
PEPCK1,BE0000906
2.7.1.11,BE0001818
ATP-PFK,BE0001818
pfk,BE0001818
Phosphohexokinase,BE0001818
1.1.1.42,BE0001251
Cytosolic NADP-isocitrate dehydrogenase,BE0001251
IDH,BE0001251
IDP,BE0001251
NADP(+)-specific ICDH,BE0001251
Oxalosuccinate decarboxylase,BE0001251
PICD,BE0001251
6.2.1.1,BE0000350
ACAS2,BE0000350
AceCS,BE0000350
Acetate--CoA ligase,BE0000350
Acetyl-CoA synthetase,BE0000350
ACS,BE0000350
Acyl-activating enzyme,BE0000350
Acyl-CoA synthetase short-chain family member 2,BE0000350
3.1.3.1,BE0008244
IAP,BE0008244
2.4.1.135,BE0001242
"Beta-1,3-glucuronyltransferase 1",BE0001242
GlcAT-P,BE0001242
GLCATP,BE0001242
GlcUAT-P,BE0001242
Glucuronosyltransferase P,BE0001242
"UDP-GlcUA:glycoprotein beta-1,3-glucuronyltransferase",BE0001242
1.14.11.30,BE0002503
Factor inhibiting HIF-1,BE0002503
FIH-1,BE0002503
FIH1,BE0002503
Hypoxia-inducible factor asparagine hydroxylase,BE0002503
1.2.1.36,BE0000554
ALDC,BE0000554
Aldehyde dehydrogenase family 1 member A1,BE0000554
"Aldehyde dehydrogenase, cytosolic",BE0000554
ALDH-E1,BE0000554
ALDH1,BE0000554
ALHDII,BE0000554
PUMB1,BE0000554
RALDH 1,BE0000554
2.8.1.1,BE0004455
Rhodanese,BE0004455
2.3.1.26,BE0000105
ACACT,BE0000105
ACACT1,BE0000105
ACAT,BE0000105
ACAT-1,BE0000105
ACAT1,BE0000105
Acyl-coenzyme A:cholesterol acyltransferase 1,BE0000105
Cholesterol acyltransferase 1,BE0000105
SOAT,BE0000105
STAT,BE0000105
2.1.1.28,BE0000865
Noradrenaline N-methyltransferase,BE0000865
PENT,BE0000865
PNMTase,BE0000865
3.4.17.1,BE0003753
CPA,BE0003753
6.3.4.16,BE0004671
Carbamoyl-phosphate synthetase I,BE0004671
CPSase I,BE0004671
4.4.1.16,BE0004605
hSCL,BE0004605
SCL,BE0004605
"1,4-beta-N-acetylmuramidase C",BE0003751
3.2.1.17,BE0003751
LZM,BE0003751
2.1.1.13,BE0000734
5-methyltetrahydrofolate--homocysteine methyltransferase,BE0000734
MS,BE0000734
Vitamin-B12 dependent methionine synthase,BE0000734
3.4.21.6,BE0000216
Stuart factor,BE0000216
Stuart-Prower factor,BE0000216
2.3.1.199,BE0009375
3-keto acyl-CoA synthase ELOVL5,BE0009375
ELOVL FA elongase 5,BE0009375
ELOVL fatty acid elongase 5,BE0009375
ELOVL2,BE0009375
Fatty acid elongase 1,BE0009375
hELO1,BE0009375
Very long chain 3-ketoacyl-CoA synthase 5,BE0009375
Very long chain 3-oxoacyl-CoA synthase 5,BE0009375
1.14.19.3,BE0002246
Acyl-CoA 6-desaturase,BE0002246
D6D,BE0002246
Delta-6 desaturase,BE0002246
Delta(6) desaturase,BE0002246
Delta(6) fatty acid desaturase,BE0002246
3.5.2.6,BE0000302
Penicillinase,BE0000302
2.7.10.1,BE0000511
HER2,BE0000511
Metastatic lymph node gene 19 protein,BE0000511
MLN 19,BE0000511
MLN19,BE0000511
NEU,BE0000511
NGL,BE0000511
p185erbB2,BE0000511
Proto-oncogene c-ErbB-2,BE0000511
Proto-oncogene Neu,BE0000511
Tyrosine kinase-type cell surface receptor HER2,BE0000511
Lymphoid-restricted immunoglobulin octamer-binding protein NF-A2,BE0004865
Oct-2,BE0004865
OCT2,BE0004865
Octamer-binding protein 2,BE0004865
Octamer-binding transcription factor 2,BE0004865
OTF-2,BE0004865
OTF2,BE0004865
MATE-1,BE0003657
MATE1,BE0003657
Solute carrier family 47 member 1,BE0003657
6.2.1.-,BE0009868
ACSVL1,BE0009868
Arachidonate--CoA ligase,BE0009868
FACVL1,BE0009868
FATP-2,BE0009868
FATP2,BE0009868
Fatty acid transport protein 2,BE0009868
"Fatty-acid-coenzyme A ligase, very long-chain 1",BE0009868
Long-chain-fatty-acid--CoA ligase,BE0009868
Phytanate--CoA ligase,BE0009868
Solute carrier family 27 member 2,BE0009868
THCA-CoA ligase,BE0009868
Very long-chain-fatty-acid-CoA ligase,BE0009868
VLACS,BE0009868
2.7.11.1,BE0009503
Omphalocele kinase 2,BE0009503
OMPHK2,BE0009503
SNARK,BE0009503
SNF1/AMP kinase-related kinase,BE0009503
1.2.1.3,BE0000600
Aldehyde dehydrogenase 10,BE0000600
Aldehyde dehydrogenase family 3 member A2,BE0000600
ALDH10,BE0000600
FALDH,BE0000600
Microsomal aldehyde dehydrogenase,BE0000600
3.4.17.-,BE0009992
CPAH,BE0009992
3.4.21.4,BE0001739
Beta-trypsin,BE0001739
Cationic trypsinogen,BE0001739
Serine protease 1,BE0001739
TRP1,BE0001739
TRY1,BE0001739
TRYP1,BE0001739
Trypsin I,BE0001739
3.4.21.42,BE0001529
C1 esterase,BE0001529
Complement component 1 subcomponent s,BE0001529
3.4.21.41,BE0002093
Complement component 1 subcomponent r,BE0002093
3.4.24.87,BE0009336
ADAM-TS 13,BE0009336
C9orf8,BE0009336
von Willebrand factor-cleaving protease,BE0009336
vWF-cleaving protease,BE0009336
vWF-CP,BE0009336
TetX2 protein,BE0008679
3.4.21.21,BE0000333
Proconvertin,BE0000333
Serum prothrombin conversion accelerator,BE0000333
SPCA,BE0000333
AHF,BE0000016
Antihemophilic factor,BE0000016
F8C,BE0000016
Procoagulant component,BE0000016
3.4.21.22,BE0000364
Christmas factor,BE0000364
Plasma thromboplastin component,BE0000364
PTC,BE0000364
Activated protein C cofactor,BE0000041
"Proaccelerin, labile factor",BE0000041
3.1.11.3,BE0003239
red-alpha,BE0003239
redX,BE0003239
1.16.3.1,BE0001140
Ferroxidase,BE0001140
HEPC,BE0009858
LEAP-1,BE0009858
LEAP1,BE0009858
Liver-expressed antimicrobial peptide 1,BE0009858
PLTR,BE0009858
Putative liver tumor regressor,BE0009858
Beta-1 metal-binding globulin,BE0000510
Siderophilin,BE0000510
Transferrin,BE0000510
1.-.-.-,BE0008687
KIAA0698,BE0008687
1.-.-.-,BE0009859
DCYTB,BE0009859
Duodenal cytochrome b,BE0009859
Ferric-chelate reductase 3,BE0009859
FRRS3,BE0009859
ATP1C,BE0000229
ATP1G1,BE0000229
FXYD domain-containing ion transport regulator 2,BE0000229
Na(+)/K(+) ATPase subunit gamma,BE0000229
Sodium pump gamma chain,BE0000229
2.7.1.1,BE0003246
2.7.3.2,BE0000082
B-CK,BE0000082
CKBB,BE0000082
Creatine kinase B chain,BE0000082
2.7.10.2,BE0000014
Abelson murine leukemia viral oncogene homolog 1,BE0000014
Abelson tyrosine-protein kinase 1,BE0000014
ABL,BE0000014
JTK7,BE0000014
p150,BE0000014
Proto-oncogene c-Abl,BE0000014
F-ATPase delta subunit,BE0000484
4.6.1.1,BE0000269
Adenylate cyclase type I,BE0000269
Adenylyl cyclase 1,BE0000269
ATP pyrophosphate-lyase 1,BE0000269
Ca(2+)/calmodulin-activated adenylyl cyclase,BE0000269
"6PF-2-K/Fru-2,6-P2ase 1",BE0001073
"6PF-2-K/Fru-2,6-P2ase liver isozyme",BE0001073
F6PK,BE0001073
PFRX,BE0001073
3.6.3.9,BE0000732
Na(+)/K(+) ATPase alpha-1 subunit,BE0000732
Sodium pump subunit alpha-1,BE0000732
3.1.1.4,BE0000070
Group X secretory phospholipase A2,BE0000070
GX sPLA2,BE0000070
Phosphatidylcholine 2-acylhydrolase 10,BE0000070
sPLA2-X,BE0000070
E-NPP 1,BE0000457
M6S1,BE0000457
Membrane component chromosome 6 surface marker 1,BE0000457
NPPS,BE0000457
PC1,BE0000457
PDNP1,BE0000457
Phosphodiesterase I/nucleotide pyrophosphatase 1,BE0000457
Plasma-cell membrane glycoprotein PC-1,BE0000457
3.1.1.34,BE0000239
LIPD,BE0000239
LPL,BE0000239
"1,4-alpha-D-glucan glucanohydrolase 1",BE0001671
3.2.1.1,BE0001671
AMY1,BE0001671
Salivary alpha-amylase,BE0001671
3.4.17.10,BE0001123
Carboxypeptidase H,BE0001123
CPE,BE0001123
CPH,BE0001123
Enkephalin convertase,BE0001123
Prohormone-processing carboxypeptidase,BE0001123
4.2.1.1,BE0000322
CA-II,BE0000322
CAC,BE0000322
Carbonate dehydratase II,BE0000322
Carbonic anhydrase C,BE0000322
Carbonic anhydrase II,BE0000322
2.8.2.-,BE0009765
ST1C4,BE0009765
Sulfotransferase 1C2,BE0009765
SULT1C#2,BE0009765
SULT1C2,BE0009765
2.4.2.29,BE0001405
Guanine insertion enzyme,BE0001405
tRNA-guanine transglycosylase,BE0001405
2.7.10.1,BE0000453
p145 c-kit,BE0000453
PBT,BE0000453
Piebald trait protein,BE0000453
Proto-oncogene c-Kit,BE0000453
SCFR,BE0000453
Tyrosine-protein kinase Kit,BE0000453
v-kit Hardy-Zuckerman 4 feline sarcoma viral oncogene homolog,BE0000453
2.7.10.1,BE0000852
Alpha platelet-derived growth factor receptor,BE0000852
Alpha-type platelet-derived growth factor receptor,BE0000852
CD140 antigen-like family member A,BE0000852
CD140a antigen,BE0000852
PDGF-R-alpha,BE0000852
PDGFR-2,BE0000852
PDGFR2,BE0000852
Platelet-derived growth factor alpha receptor,BE0000852
Platelet-derived growth factor receptor 2,BE0000852
RHEPDGFRA,BE0000852
3.2.1.20,BE0000876
Acid maltase,BE0000876
Aglucosidase alfa,BE0000876
5.99.1.2,BE0000971
DNA topoisomerase I,BE0000971
3.4.22.1,BE0000939
APP secretase,BE0000939
APPS,BE0000939
Cathepsin B1,BE0000939
CPSB,BE0000939
3.4.22.15,BE0002135
Cathepsin L,BE0002135
CTSL1,BE0002135
Major excreted protein,BE0002135
MEP,BE0002135
